"census_date","gr","squirrel_id","reflo","locx","locy"
2013-05-15,"SU",10654,"E.1.","E.5","1.5"
2013-05-15,"SU",11002,"D.17.","D.5","17.5"
2013-05-15,"SU",11576,"C.4","C.5","4.0"
2013-05-15,"SU",11578,"G.14.","G.5","14.5"
2013-05-15,"KL",12678,"B.10.","B.5","10.5"
2013-05-15,"KL",12908,"C.19","C.5","19.0"
2013-05-15,"KL",11983,"J.19","J.5","19.0"
2013-05-15,"KL",13125,"K.17","K.5","17.0"
2013-05-15,"KL",13125,"L.17","L.5","17.0"
2013-05-15,"KL",12542,"L.15","L.5","15.0"
2013-05-15,"KL",12542,"M.15","M.5","15.0"
2013-05-15,"KL",11460,"H.3.","H.5","3.5"
2013-05-15,"SU",11976,"B.1","B.5","1.0"
2013-05-15,"SU",11976,"C.1","C.5","1.0"
2013-05-15,"SU",11979,"K.8.","K.5","8.5"
2013-05-15,"SU",11981,"R.2","R.5","2.0"
2013-05-15,"KL",12008,"F.21","F.5","21.0"
2013-05-15,"KL",12513,"J.9","J.5","9.0"
2013-05-15,"KL",13084,"O.4","O.5","4.0"
2013-05-15,"KL",10342,"G.2","G.5","2.0"
2013-05-15,"KL",12136,"I.16","I.5","16.0"
2013-05-15,"KL",12202,"G.18","G.5","18.0"
2013-05-15,"KL",12625,"M.8","M.5","8.0"
2013-05-15,"KL",11896,"O.2","O.5","2.0"
2013-05-15,"KL",11775,"B.5.","B.5","5.5"
2013-05-15,"KL",13010,"C.0.","C.5","0.5"
2013-05-15,"KL",11256,"D.5.","D.5","5.5"
2013-05-15,"KL",10995,"I.2","I.5","2.0"
2013-05-15,"KL",11883,"I.20.","I.5","20.5"
2013-05-15,"KL",11344,"J.20.","J.5","20.5"
2013-05-15,"KL",10993,"K.0.","K.5","0.5"
2013-05-15,"KL",13499,"L.1","L.5","1.0"
2013-05-15,"KL",12745,"C.17","C.5","17.0"
2013-05-15,"KL",11957,"M.12.","M.5","12.5"
2013-05-15,"KL",11537,"O.2.","O.5","2.5"
2013-05-15,"SU",11534,"B.3","B.5","3.0"
2013-05-15,"SU",11577,"B.10.","B.5","10.5"
2013-05-15,"SU",11999,"T.7.","T.5","7.5"
2013-05-15,"SU",10878,"C.6.","C.5","6.5"
2013-05-15,"SU",12024,"A.15.","A.5","15.5"
2013-05-15,"SU",12025,"J.10.","J.5","10.5"
2013-05-15,"SU",12033,"H.7.","H.5","7.5"
2013-05-15,"SU",12140,"Q.6","Q.5","6.0"
2013-05-15,"SU",12180,"K.15","K.5","15.0"
2013-05-15,"SU",12191,"G.16","G.5","16.0"
2013-05-15,"SU",12435,"H.12","H.5","12.0"
2013-05-15,"SU",12524,"H.10.","H.5","10.5"
2013-05-15,"SU",13085,"I.6","I.5","6.0"
2013-05-15,"SU",13085,"H.5","H.5","5.0"
2013-05-15,"SU",13097,"H.9.","H.5","9.5"
2013-05-15,"SU",13131,"K.1","K.5","1.0"
2013-05-15,"SU",11577,"B.9.","B.5","9.5"
2013-05-15,"SU",11434,"B.8.","B.5","8.5"
2013-05-15,"SU",13385,"L.12","L.5","12.0"
2013-05-15,"SU",13135,"U.7","U.5","7.0"
2013-05-15,"SU",11576,"C.5","C.5","5.0"
2013-05-15,"SU",12432,"N.11","N.5","11.0"
2013-05-15,"SU",10048,"E.6","E.5","6.0"
2013-05-15,"SU",11531,"U.2.","U.5","2.5"
2013-05-15,"KL",11895,"N.6.","N.5","6.5"
2013-05-15,"KL",10993,"L.0.","L.5","0.5"
2013-05-15,"SU",11578,"F.16","F.5","16.0"
2012-05-15,"KL",10342,"G.1.","G.5","1.5"
2012-05-15,"KL",10374,"M.9.","M.5","9.5"
2012-05-15,"KL",10993,"K.0.","K.5","0.5"
2012-05-15,"KL",10994,"L.1","L.5","1.0"
2012-05-15,"KL",10995,"I.2","I.5","2.0"
2012-05-15,"KL",11256,"D.5.","D.5","5.5"
2012-05-15,"KL",11266,"G.10.","G.5","10.5"
2012-05-15,"KL",11344,"J.20.","J.5","20.5"
2012-05-15,"KL",11460,"H.3.","H.5","3.5"
2012-05-15,"KL",11489,"N.2.","N.5","2.5"
2012-05-15,"KL",11537,"O.2.","O.5","2.5"
2012-05-15,"KL",11622,"A.3.","A.5","3.5"
2012-05-15,"KL",11775,"B.5.","B.5","5.5"
2012-05-15,"KL",11883,"I.20.","I.5","20.5"
2012-05-15,"KL",11895,"O.7.","O.5","7.5"
2012-05-15,"KL",11896,"O.2","O.5","2.0"
2012-05-15,"KL",11957,"M.12.","M.5","12.5"
2012-05-15,"KL",11983,"J.19","J.5","19.0"
2012-05-15,"KL",12008,"F.21","F.5","21.0"
2012-05-15,"KL",12013,"G.18","G.5","18.0"
2012-05-15,"KL",12136,"I.15.","I.5","15.5"
2012-05-15,"KL",12239,"C.17","C.5","17.0"
2012-05-15,"KL",12240,"M.15","M.5","15.0"
2012-05-15,"KL",12513,"J.9","J.5","9.0"
2012-05-15,"KL",12542,"L.15","L.5","15.0"
2012-05-15,"KL",12678,"B.10.","B.5","10.5"
2012-05-15,"KL",12908,"C.19","C.5","19.0"
2012-05-15,"KL",13009,"F.1","F.5","1.0"
2012-05-15,"KL",13009,"F.0.","F.5","0.5"
2012-05-15,"KL",13010,"C.1","C.5","1.0"
2012-05-15,"KL",13084,"L.3.","L.5","3.5"
2012-05-15,"KL",13111,"L.3.","L.5","3.5"
2012-05-15,"KL",13125,"K.17","K.5","17.0"
2012-05-15,"SU",10048,"E.6","E.5","6.0"
2012-05-15,"SU",10191,"I.6","I.5","6.0"
2012-05-15,"SU",10654,"E.1.","E.5","1.5"
2012-05-15,"SU",10878,"C.6.","C.5","6.5"
2012-05-15,"SU",11002,"D.17.","D.5","17.5"
2012-05-15,"SU",11078,"K.1","K.5","1.0"
2012-05-15,"SU",11531,"U.2.","U.5","2.5"
2012-05-15,"SU",11534,"B.3","B.5","3.0"
2012-05-15,"SU",11576,"C.4","C.5","4.0"
2012-05-15,"SU",11576,"C.5","C.5","5.0"
2012-05-15,"SU",11577,"B.10.","B.5","10.5"
2012-05-15,"SU",11578,"G.14.","G.5","14.5"
2012-05-15,"SU",11944,"Q.6","Q.5","6.0"
2012-05-15,"SU",11976,"B.1","B.5","1.0"
2012-05-15,"SU",11976,"C.1","C.5","1.0"
2012-05-15,"SU",11979,"K.8","K.5","8.0"
2012-05-15,"SU",11999,"T.7.","T.5","7.5"
2012-05-15,"SU",12000,"H.12","H.5","12.0"
2012-05-15,"SU",12024,"A.15.","A.5","15.5"
2012-05-15,"SU",12025,"J.10.","J.5","10.5"
2012-05-15,"SU",12180,"K.15","K.5","15.0"
2012-05-15,"SU",12191,"G.16","G.5","16.0"
2012-05-15,"SU",12193,"U.2.","U.5","2.5"
2012-05-15,"SU",12301,"F.16","F.5","16.0"
2012-05-15,"SU",12435,"N.11","N.5","11.0"
2012-05-15,"SU",12523,"J.4","J.5","4.0"
2012-05-15,"SU",12524,"H.9.","H.5","9.5"
2012-05-15,"SU",13085,"H.5","H.5","5.0"
2012-05-15,"SU",13097,"H.7.","H.5","7.5"
2012-05-15,"SU",13128,"L.12","L.5","12.0"
2012-05-15,"SU",13130,"H4","H.0","4.0"
2012-05-15,"SU",13135,"U.7","U.5","7.0"
2012-05-15,"SU",13237,"B.12.","B.5","12.5"
2014-05-15,"SU",13385,"L.12","L.5","12.0"
2014-05-15,"SU",11534,"B.3","B.5","3.0"
2014-05-15,"SU",11576,"C.5","C.5","5.0"
2014-05-15,"SU",13131,"K.1","K.5","1.0"
2014-05-15,"SU",19742,"B.9.","B.5","9.5"
2014-05-15,"SU",13097,"H.10.","H.5","10.5"
2014-05-15,"SU",10048,"E.6","E.5","6.0"
2014-05-15,"SU",11002,"D.17.","D.5","17.5"
2014-05-15,"SU",11577,"B.10.","B.5","10.5"
2014-05-15,"SU",12524,"J.10.","J.5","10.5"
2014-05-15,"SU",11979,"K.8","K.5","8.0"
2014-05-15,"SU",12180,"K.15","K.5","15.0"
2014-05-15,"SU",11976,"B.1","B.5","1.0"
2014-05-15,"SU",11981,"R.2","R.5","2.0"
2014-05-15,"SU",11578,"G.14.","G.5","14.5"
2014-05-15,"SU",10654,"E.1.","E.5","1.5"
2014-05-15,"SU",19611,"G.1","G.5","1.0"
2014-05-15,"SU",10878,"C.6.","C.5","6.5"
2014-05-15,"SU",11999,"T.7.","T.5","7.5"
2014-05-15,"SU",19883,"U.7","U.5","7.0"
2014-05-15,"SU",12432,"N.11","N.5","11.0"
2014-05-15,"SU",20044,"F.16","F.5","16.0"
2014-05-15,"SU",12435,"H.12","H.5","12.0"
2014-05-15,"KL",10993,"K.0.","K.5","0.5"
2014-05-15,"KL",11895,"N.6","N.5","6.0"
2014-05-15,"KL",11983,"J.19","J.5","19.0"
2014-05-15,"KL",12625,"M.8","M.5","8.0"
2014-05-15,"KL",12513,"J.9","J.5","9.0"
2014-05-15,"KL",20156,"M.15","M.5","15.0"
2014-05-15,"KL",11256,"D.5.","D.5","5.5"
2014-05-15,"KL",12678,"B.10.","B.5","10.5"
2014-05-15,"KL",12202,"G.18","G.5","18.0"
2014-05-15,"KL",11775,"B.5.","B.5","5.5"
2014-05-15,"KL",19702,"H.3.","H.5","3.5"
2014-05-15,"KL",19719,"A.7","A.5","7.0"
2014-05-15,"KL",10342,"G.2","G.5","2.0"
2014-05-15,"KL",13125,"L.17","L.5","17.0"
2014-05-15,"KL",11957,"M.12.","M.5","12.5"
2014-05-15,"KL",NA,"C.17","C.5","17.0"
2014-05-15,"KL",NA,"I.20.","I.5","20.5"
2014-05-15,"KL",12008,"F.21","F.5","21.0"
2014-05-15,"KL",19846,"L.15","L.5","15.0"
2014-05-15,"KL",19767,"I.6.","I.5","6.5"
2014-05-15,"KL",20180,"C.19","C.5","19.0"
2014-05-15,"KL",19772,"J.20.","J.5","20.5"
2014-05-15,"KL",20409,"I.16","I.5","16.0"
2014-05-15,"KL",12423,"B.8","B.5","8.0"
2015-05-15,"KL",19846,"L.15","L.5","15.0"
2015-05-15,"KL",21368,"J.19","J.5","19.0"
2015-05-15,"KL",20993,"N.13","N.5","13.0"
2015-05-15,"KL",21222,"J.9","J.5","9.0"
2015-05-15,"SU",11534,"B.3","B.5","3.0"
2015-05-15,"KL",20409,"I.16","I.5","16.0"
2015-05-15,"SU",21279,"E.4.","E.5","4.5"
2015-05-15,"SU",21325,"B.1","B.5","1.0"
2015-05-15,"KL",21060,"G.18","G.5","18.0"
2015-05-15,"SU",20495,"E.1.","E.5","1.5"
2015-05-15,"KL",20804,"O.8","O.5","8.0"
2015-05-15,"SU",19742,"B.9.","B.5","9.5"
2015-05-15,"KL",11957,"M.12.","M.5","12.5"
2015-05-15,"KL",20732,"K.15","K.5","15.0"
2015-05-15,"KL",20190,"J.6.","J.5","6.5"
2015-05-15,"KL",12305,"H.6","H.5","6.0"
2015-05-15,"KL",13012,"H.2","H.5","2.0"
2015-05-15,"SU",11976,"B.1","B.5","1.0"
2015-05-15,"KL",10993,"K.0.","K.5","0.5"
2015-05-15,"KL",19702,"H.3.","H.5","3.5"
2015-05-15,"KL",20077,"L.12","L.5","12.0"
2015-05-15,"SU",20939,"B.10.","B.5","10.5"
2015-05-15,"SU",21297,"C.6.","C.5","6.5"
2015-05-15,"KL",20062,"D.5.","D.5","5.5"
2015-05-15,"SU",21003,"C.5","C.5","5.0"
2015-05-15,"KL",21155,"C.0.","C.5","0.5"
2015-05-15,"KL",21396,"B.8","B.5","8.0"
2015-05-15,"SU",21830,"R.2","R.5","2.0"
2015-05-15,"SU",21908,"U.2.","U.5","2.5"
2015-05-15,"KL",11775,"B.5.","B.5","5.5"
2015-05-15,"SU",20200,"T.4","T.5","4.0"
2015-05-15,"KL",20685,"I.3.","I.5","3.5"
2015-05-15,"SU",11946,"T.7.","T.5","7.5"
2015-05-15,"KL",21387,"G.6.","G.5","6.5"
2015-05-15,"KL",20904,"A.14.","A.5","14.5"
2015-05-15,"KL",21355,"C.9","C.5","9.0"
2015-05-15,"KL",12745,"C.17","C.5","17.0"
2015-05-15,"KL",20836,"G.2","G.5","2.0"
2015-05-15,"SU",21281,"J.10.","J.5","10.5"
2015-05-15,"SU",13097,"H.9.","H.5","9.5"
2015-05-15,"SU",13132,"L.12","L.5","12.0"
2015-05-15,"SU",12180,"K.15","K.5","15.0"
2015-05-15,"SU",13085,"H.5","H.5","5.0"
2015-05-15,"SU",10654,"G.1","G.5","1.0"
2015-05-15,"SU",21867,"C.15.","C.5","15.5"
2015-05-15,"KL",21276,"O.2","O.5","2.0"
2015-05-15,"SU",20798,"A.1","A.5","1.0"
2015-05-15,"SU",20447,"B.12.","B.5","12.5"
2015-05-15,"SU",21031,"O.11","O.5","11.0"
2015-05-15,"SU",20235,"H.12","H.5","12.0"
2015-05-15,"SU",11002,"D.17.","D.5","17.5"
2015-05-15,"SU",12432,"M.12.","M.5","12.5"
2015-05-15,"SU",21277,"F.16","F.5","16.0"
2015-05-15,"SU",19354,"G.14.","G.5","14.5"
2015-05-15,"SU",20796,"A.1.","A.5","1.5"
2015-05-15,"SU",21868,"B.8.","B.5","8.5"
2015-05-15,"KL",20995,"M.8","M.5","8.0"
2015-05-15,"KL",12678,"B.10.","B.5","10.5"
2015-05-15,"KL",20180,"C.19","C.5","19.0"
2015-05-15,"KL",21356,"L.1","L.5","1.0"
2015-05-15,"SU",20342,"E.6","E.5","6.0"
2015-05-15,"SU",12524,"J.8.","J.5","8.5"
2015-05-15,"KL",11883,"I.20.","I.5","20.5"
2015-05-15,"KL",12008,"F.21","F.5","21.0"
2015-05-15,"KL",20156,"M.15","M.5","15.0"
2015-05-15,"KL",10374,"N.12","N.5","12.0"
2015-05-15,"KL",21227,"K.15.","K.5","15.5"
2015-05-15,"KL",19706,"N.10.","N.5","10.5"
2015-05-15,"KL",12653,"O.2.","O.5","2.5"
2015-05-15,"KL",21384,"I.2","I.5","2.0"
2015-05-15,"SU",21876,"O.15.","O.5","15.5"
2015-05-15,"SU",21052,"H.7.","H.5","7.5"
2015-05-15,"SU",20944,"J.2.","J.5","2.5"
2015-05-15,"SU",20352,"A.18","A.5","18.0"
2015-05-15,"SU",21004,"C.4","C.5","4.0"
2015-05-15,"SU",21150,"U.7","U.5","7.0"
2015-05-15,"SU",20957,"A.19.","A.5","19.5"
2015-05-15,"KL",20805,"O.8.","O.5","8.5"
2015-05-15,"KL",21513,"H.14","H.5","14.0"
2015-05-15,"KL",19809,"F.20.","F.5","20.5"
2015-05-15,"KL",21368,"K.18.","K.5","18.5"
2015-05-15,"SU",19611,"K.1","K.5","1.0"
2015-05-15,"KL",11256,"E.5","E.5","5.0"
2015-05-15,"KL",12427,"J.20","J.5","20.0"
2015-05-15,"KL",11895,"N.6.","N.5","6.5"
2015-05-15,"KL",20873,"H.4","H.5","4.0"
2015-05-15,"KL",21062,"F.18.","F.5","18.5"
2015-05-15,"KL",21023,"D.8.","D.5","8.5"
2015-05-15,"SU",20936,"D.18.","D.5","18.5"
2015-05-15,"KL",21270,"G.0.","G.5","0.5"
2015-05-15,"KL",20635,"A.13.","A.5","13.5"
2015-05-15,"SU",21364,"F.18.","F.5","18.5"
2015-05-15,"KL",21257,"A.11.","A.5","11.5"
2015-05-15,"SU",21395,"L.14","L.5","14.0"
2015-05-15,"KL",21048,"B.7","B.5","7.0"
2015-05-15,"KL",20992,"E.2.","E.5","2.5"
2015-05-15,"KL",21879,"L.17","L.5","17.0"
2015-05-15,"KL",19874,"J.20.","J.5","20.5"
2015-05-15,"KL",21199,"K.20","K.5","20.0"
2015-05-15,"SU",21265,"K.8","K.5","8.0"
2015-05-15,"SU",21467,"D.17.","D.5","17.5"
2015-05-15,"SU",21466,"D.17.","D.5","17.5"
2015-05-15,"SU",21425,"M.12.","M.5","12.5"
2015-05-15,"KL",21576,"H.2","H.5","2.0"
2015-05-15,"KL",21574,"H.2","H.5","2.0"
2015-05-15,"KL",21687,"H.4","H.5","4.0"
2015-05-15,"KL",21686,"H.4","H.5","4.0"
2015-05-15,"KL",21653,"I.16","I.5","16.0"
2015-05-15,"KL",21383,"I.2","I.5","2.0"
2015-05-15,"KL",21654,"I.16","I.5","16.0"
2015-05-15,"KL",21418,"K.0.","K.5","0.5"
2015-05-15,"KL",20806,"J.12","J.5","12.0"
2016-05-15,"SU",20235,"H.12","H.5","12.0"
2016-05-15,"SU",21281,"J.10.","J.5","10.5"
2016-05-15,"SU",19611,"K.1","K.5","1.0"
2016-05-15,"SU",12180,"K.15","K.5","15.0"
2016-05-15,"SU",13132,"L.12","L.5","12.0"
2016-05-15,"SU",21395,"L.14","L.5","14.0"
2016-05-15,"SU",21830,"R.2","R.5","2.0"
2016-05-15,"SU",20200,"T.4","T.5","4.0"
2016-05-15,"SU",11534,"B.3","B.5","3.0"
2016-05-15,"SU",19742,"B.9.","B.5","9.5"
2016-05-15,"SU",21867,"C.15.","C.5","15.5"
2016-05-15,"SU",12029,"C.12","C.5","12.0"
2016-05-15,"SU",21364,"D.18.","D.5","18.5"
2016-05-15,"SU",21272,"G.16","G.5","16.0"
2016-05-15,"SU",13097,"H.9.","H.5","9.5"
2016-05-15,"SU",11953,"Q.1","Q.5","1.0"
2016-05-15,"SU",21865,"T.7.","T.5","7.5"
2016-05-15,"KL",11775,"B.5.","B.5","5.5"
2016-05-15,"SU",21908,"U.2.","U.5","2.5"
2016-05-15,"SU",21248,"U.7","U.5","7.0"
2016-05-15,"SU",21058,"G.5","G.5","5.0"
2016-05-15,"KL",20836,"G.2","G.5","2.0"
2016-05-15,"KL",19702,"H.3.","H.5","3.5"
2016-05-15,"KL",12012,"N.6.","N.5","6.5"
2016-05-15,"KL",20904,"A.14.","A.5","14.5"
2016-05-15,"KL",21505,"C.17","C.5","17.0"
2016-05-15,"KL",19706,"N.10.","N.5","10.5"
2016-05-15,"KL",21222,"J.9","J.5","9.0"
2016-05-15,"KL",20409,"I.16","I.5","16.0"
2016-05-15,"KL",12305,"H.6","H.5","6.0"
2016-05-15,"KL",20873,"H.4","H.5","4.0"
2016-05-15,"KL",20156,"L.12","L.5","12.0"
2016-05-15,"KL",11883,"I.20.","I.5","20.5"
2016-05-15,"KL",21023,"D.8.","D.5","8.5"
2016-05-15,"SU",21325,"B.1","B.5","1.0"
2016-05-15,"KL",21329,"G.18","G.5","18.0"
2016-05-15,"SU",21868,"B.8.","B.5","8.5"
2016-05-15,"SU",20939,"B.10.","B.5","10.5"
2016-05-15,"SU",20447,"B.12.","B.5","12.5"
2016-05-15,"SU",11576,"C.4","C.5","4.0"
2016-05-15,"KL",19707,"O.10","O.5","10.0"
2016-05-15,"SU",21003,"C.5","C.5","5.0"
2016-05-15,"SU",21297,"C.6.","C.5","6.5"
2016-05-15,"KL",19846,"L.15","L.5","15.0"
2016-05-15,"SU",11002,"D.17.","D.5","17.5"
2016-05-15,"SU",20495,"E.1.","E.5","1.5"
2016-05-15,"SU",20342,"E.6.","E.5","6.5"
2016-05-15,"SU",21277,"F.16","F.5","16.0"
2016-05-15,"SU",21117,"G.14.","G.5","14.5"
2016-05-15,"SU",12432,"M.12.","M.5","12.5"
2016-05-15,"SU",20944,"J.2.","J.5","2.5"
2016-05-15,"SU",11976,"A.1.","A.5","1.5"
2016-05-15,"SU",21279,"E.4.","E.5","4.5"
2016-05-15,"KL",20635,"A.13.","A.5","13.5"
2016-05-15,"KL",19766,"B.10.","B.5","10.5"
2016-05-15,"KL",21155,"C.0.","C.5","0.5"
2016-05-15,"KL",20180,"C.19","C.5","19.0"
2016-05-15,"KL",21396,"C.9","C.5","9.0"
2016-05-15,"KL",19874,"J.20.","J.5","20.5"
2016-05-15,"KL",19809,"F.20.","F.5","20.5"
2016-05-15,"KL",12008,"F.21","F.5","21.0"
2016-05-15,"KL",21393,"E.2.","E.5","2.5"
2016-05-15,"KL",20062,"D.5.","D.5","5.5"
2016-05-15,"KL",11256,"E.5","E.5","5.0"
2016-05-15,"KL",20685,"I.3.","I.5","3.5"
2016-05-15,"KL",21368,"J.19","J.5","19.0"
2016-05-15,"KL",21227,"K.15.","K.5","15.5"
2016-05-15,"KL",21199,"K.20","K.5","20.0"
2016-05-15,"KL",21216,"K.10.","K.5","10.5"
2016-05-15,"KL",20077,"L.12","L.5","12.0"
2016-05-15,"KL",20732,"K.15","K.5","15.0"
2016-05-15,"KL",13012,"K.0.","K.5","0.5"
2016-05-15,"KL",21417,"L.3","L.5","3.0"
2016-05-15,"KL",13124,"M.15","M.5","15.0"
2016-05-15,"KL",11957,"N.13","N.5","13.0"
2016-05-15,"KL",21276,"O.2","O.5","2.0"
2016-05-15,"KL",12653,"O.2.","O.5","2.5"
2016-05-15,"KL",20525,"P.3","P.5","3.0"
2016-05-15,"KL",21384,"I.2","I.5","2.0"
2016-05-15,"KL",21993,"L.17","L.5","17.0"
2016-05-15,"KL",21387,"G.6.","G.5","6.5"
2017-05-15,"KL",20635,"A.13.","A.5","13.5"
2017-05-15,"KL",21269,"K.0.","K.5","0.5"
2017-05-15,"SU",20944,"J.2.","J.5","2.5"
2017-05-15,"SU",21248,"U.7","U.5","7.0"
2017-05-15,"KL",12653,"O.2.","O.5","2.5"
2017-05-15,"KL",19706,"N.10.","N.5","10.5"
2017-05-15,"SU",11976,"A.1.","A.5","1.5"
2017-05-15,"SU",21867,"C.15.","C.5","15.5"
2017-05-15,"SU",21364,"D.17.","D.5","17.5"
2017-05-15,"KL",20077,"L.12","L.5","12.0"
2017-05-15,"KL",21199,"K.20","K.5","20.0"
2017-05-15,"KL",12012,"N.6.","N.5","6.5"
2017-05-15,"KL",20295,"I.6.","I.5","6.5"
2017-05-15,"SU",13097,"H.9.","H.5","9.5"
2017-05-15,"SU",20447,"B.12.","B.5","12.5"
2017-05-15,"SU",20235,"H.12","H.5","12.0"
2017-05-15,"SU",11576,"C.4","C.5","4.0"
2017-05-15,"SU",21281,"J.10.","J.5","10.5"
2017-05-15,"SU",21003,"C.5","C.5","5.0"
2017-05-15,"SU",20495,"E.3","E.5","3.0"
2017-05-15,"KL",21329,"G.18","G.5","18.0"
2017-05-15,"KL",20732,"K.15","K.5","15.0"
2017-05-15,"KL",21046,"B.5.","B.5","5.5"
2017-05-15,"KL",21276,"O.2","O.5","2.0"
2017-05-15,"KL",19702,"H.3.","H.5","3.5"
2017-05-15,"KL",21396,"C.9","C.5","9.0"
2017-05-15,"KL",19766,"B.10.","B.5","10.5"
2017-05-15,"KL",20866,"J.6.","J.5","6.5"
2017-05-15,"KL",21155,"C.0.","C.5","0.5"
2017-05-15,"KL",22297,"I.16","I.5","16.0"
2017-05-15,"KL",11957,"M.12.","M.5","12.5"
2017-05-15,"KL",20525,"P.3","P.5","3.0"
2017-05-15,"KL",21222,"J.9","J.5","9.0"
2017-05-15,"SU",19611,"K.1","K.5","1.0"
2017-05-15,"KL",20062,"D.5.","D.5","5.5"
2017-05-15,"KL",12008,"F.21","F.5","21.0"
2017-05-15,"KL",20685,"I.3.","I.5","3.5"
2017-05-15,"SU",22219,"M.12.","M.5","12.5"
2017-05-15,"SU",21277,"G.16","G.5","16.0"
2017-05-15,"SU",21117,"G.14","G.5","14.0"
2017-05-15,"SU",12029,"C.12","C.5","12.0"
2017-05-15,"KL",21387,"G.6.","G.5","6.5"
2017-05-15,"KL",21023,"D.8.","D.5","8.5"
2017-05-15,"KL",22575,"C.19","C.5","19.0"
2017-05-15,"KL",19874,"I.20.","I.5","20.5"
2017-05-15,"KL",12427,"J.20.","J.5","20.5"
2017-05-15,"SU",21868,"B.8.","B.5","8.5"
2017-05-15,"SU",11534,"B.3","B.5","3.0"
2017-05-15,"SU",20939,"B.10.","B.5","10.5"
2017-05-15,"SU",12180,"K.15","K.5","15.0"
2017-05-15,"SU",21395,"L.13.","L.5","13.5"
2017-05-15,"SU",21279,"E.4.","E.5","4.5"
2017-05-15,"SU",20342,"E.6","E.5","6.0"
2017-05-15,"SU",21297,"C.6.","C.5","6.5"
2017-05-15,"SU",20200,"T.4","T.5","4.0"
2017-05-15,"SU",21865,"T.7.","T.5","7.5"
2017-05-15,"SU",22517,"R.2","R.5","2.0"
2017-05-15,"KL",19846,"L.15","L.5","15.0"
2017-05-15,"KL",19809,"F.20.","F.5","20.5"
2017-05-15,"KL",22117,"N.2.","N.5","2.5"
2017-05-15,"KL",21227,"K.15.","K.5","15.5"
2017-05-15,"KL",21993,"L.17","L.5","17.0"
2017-05-15,"KL",20873,"H.4","H.5","4.0"
2017-05-15,"KL",21505,"C.17","C.5","17.0"
2017-05-15,"KL",21368,"J.19","J.5","19.0"
2017-05-15,"KL",20804,"O.8","O.5","8.0"
2018-05-15,"KL",20062,"D.5.","D.5","5.5"
2018-05-15,"KL",21368,"J.19","J.5","19.0"
2018-05-15,"KL",21023,"D.8.","D.5","8.5"
2018-05-15,"KL",20804,"O.8","O.5","8.0"
2018-05-15,"KL",21046,"B.5.","B.5","5.5"
2018-05-15,"KL",20685,"I.3.","I.5","3.5"
2018-05-15,"KL",20295,"I.6.","I.5","6.5"
2018-05-15,"KL",20904,"A.14.","A.5","14.5"
2018-05-15,"KL",20836,"G.2","G.5","2.0"
2018-05-15,"KL",21387,"G.6.","G.5","6.5"
2018-05-15,"KL",21222,"J.9","J.5","9.0"
2018-05-15,"KL",20635,"A.13.","A.5","13.5"
2018-05-15,"KL",19766,"B.10.","B.5","10.5"
2018-05-15,"KL",21155,"C.0.","C.5","0.5"
2018-05-15,"KL",21505,"C.17","C.5","17.0"
2018-05-15,"KL",21329,"G.18","G.5","18.0"
2018-05-15,"KL",19846,"L.15","L.5","15.0"
2018-05-15,"KL",22117,"N.2.","N.5","2.5"
2018-05-15,"KL",19583,"M.0.","M.5","0.5"
2018-05-15,"KL",19707,"O.10","O.5","10.0"
2018-05-15,"KL",19702,"H.3.","H.5","3.5"
2018-05-15,"KL",22778,"K.15.","K.5","15.5"
2018-05-15,"KL",20077,"M.12.","M.5","12.5"
2018-05-15,"KL",23599,"J.20","J.5","20.0"
2018-05-15,"KL",22758,"L.0.","L.5","0.5"
2018-05-15,"KL",19809,"F.20.","F.5","20.5"
2018-05-15,"KL",21993,"L.17","L.5","17.0"
2018-05-15,"KL",22297,"I.16","I.5","16.0"
2018-05-15,"SU",22425,"U.2.","U.5","2.5"
2018-05-15,"KL",12653,"P.3","P.5","3.0"
2018-05-15,"SU",19742,"B.9.","B.5","9.5"
2018-05-15,"SU",22469,"G.1","G.5","1.0"
2018-05-15,"KL",22575,"C.19","C.5","19.0"
2018-05-15,"KL",21006,"I.21","I.5","21.0"
2018-05-15,"KL",12428,"K.20","K.5","20.0"
2018-05-15,"SU",19611,"K.1","K.5","1.0"
2018-05-15,"KL",19706,"N.10.","N.5","10.5"
2018-05-15,"SU",12180,"K.15","K.5","15.0"
2018-05-15,"SU",20447,"B.12.","B.5","12.5"
2018-05-15,"SU",22517,"R.2","R.5","2.0"
2018-05-15,"SU",21281,"J.10.","J.5","10.5"
2018-05-15,"SU",21297,"C.6.","C.5","6.5"
2018-05-15,"KL",22657,"N.6.","N.5","6.5"
2018-05-15,"SU",21867,"C.15.","C.5","15.5"
2018-05-15,"SU",21277,"G.16","G.5","16.0"
2018-05-15,"KL",20077,"L.12","L.5","12.0"
2018-05-15,"KL",19702,"H.4","H.5","4.0"
2018-05-15,"SU",21395,"L.14","L.5","14.0"
2018-05-15,"SU",22987,"H.9.","H.5","9.5"
2018-05-15,"SU",22605,"D.17.","D.5","17.5"
2018-05-15,"SU",20235,"H.12","H.5","12.0"
2018-05-15,"SU",23189,"J.2.","J.5","2.5"
2018-05-15,"SU",21865,"T.7.","T.5","7.5"
2018-05-15,"SU",23646,"G.14.","G.5","14.5"
2018-05-15,"KL",19874,"J.20.","J.5","20.5"
2018-05-15,"SU",21279,"E.4.","E.5","4.5"
2018-05-15,"SU",21868,"B.8.","B.5","8.5"
2018-05-15,"KL",20866,"J.6.","J.5","6.5"
2018-05-15,"SU",20200,"T.4","T.5","4.0"
2018-05-15,"SU",23300,"A.1.","A.5","1.5"
2018-05-15,"SU",23300,"B.1","B.5","1.0"
2018-05-15,"SU",20939,"B.10.","B.5","10.5"
2018-05-15,"SU",22921,"B.3","B.5","3.0"
2018-05-15,"SU",20495,"E.1.","E.5","1.5"
2018-05-15,"KL",20525,"P.3","P.5","3.0"
2018-05-15,"SU",23697,"E.6","E.5","6.0"
2018-05-15,"KL",12008,"F.21","F.5","21.0"
2018-05-15,"SU",23301,"G.5","G.5","5.0"
2018-05-15,"SU",23128,"M.12.","M.5","12.5"
2019-05-15,"SU",21277,"G.16","G.5","16.0"
2019-05-15,"SU",19611,"K.1","K.5","1.0"
2019-05-15,"SU",23189,"J.2.","J.5","2.5"
2019-05-15,"KL",19706,"N.10.","N.5","10.5"
2019-05-15,"KL",21294,"A.14.","A.5","14.5"
2019-05-15,"KL",21329,"G.18","G.5","18.0"
2019-05-15,"KL",21368,"J.19","J.5","19.0"
2019-05-15,"KL",21387,"G.6.","G.5","6.5"
2019-05-15,"KL",21993,"L.17","L.5","17.0"
2019-05-15,"KL",22575,"C.19","C.5","19.0"
2019-05-15,"SU",20447,"B.12.","B.5","12.5"
2019-05-15,"KL",22657,"N.6.","N.5","6.5"
2019-05-15,"KL",23466,"J.6.","J.5","6.5"
2019-05-15,"KL",23760,"O.2","O.5","2.0"
2019-05-15,"KL",23760,"N.2.","N.5","2.5"
2019-05-15,"KL",21023,"D.8.","D.5","8.5"
2019-05-15,"SU",23646,"G.14.","G.5","14.5"
2019-05-15,"SU",21279,"E.4.","E.5","4.5"
2019-05-15,"SU",20495,"E.1.","E.5","1.5"
2019-05-15,"SU",22982,"H.9.","H.5","9.5"
2019-05-15,"SU",20235,"H.12","H.5","12.0"
2019-05-15,"KL",20295,"I.5.","I.5","5.5"
2019-05-15,"KL",22297,"I.16","I.5","16.0"
2019-05-15,"KL",22778,"K.15.","K.5","15.5"
2019-05-15,"KL",19809,"F.20.","F.5","20.5"
2019-05-15,"SU",21281,"J.10.","J.5","10.5"
2019-05-15,"SU",20200,"T.4","T.5","4.0"
2019-05-15,"KL",20685,"L.1","L.5","1.0"
2019-05-15,"KL",21155,"C.0.","C.5","0.5"
2019-05-15,"KL",23023,"B.10.","B.5","10.5"
2019-05-15,"KL",23320,"M.8","M.5","8.0"
2019-05-15,"KL",23378,"L.15","L.5","15.0"
2019-05-15,"KL",22759,"M.0.","M.5","0.5"
2019-05-15,"SU",23877,"C.6.","C.5","6.5"
2019-05-15,"KL",20685,"L.0.","L.5","0.5"
2019-05-15,"KL",20220,"J.20.","J.5","20.5"
2019-05-15,"KL",23532,"H.3.","H.5","3.5"
2019-05-15,"SU",23844,"B.1","B.5","1.0"
2019-05-15,"SU",22236,"J.4","J.5","4.0"
2019-05-15,"SU",21488,"B.9.","B.5","9.5"
2020-05-15,"SU",25029,"B.12. ","B.5","12.5"
2020-05-15,"SU",23938,"B.3","B.5","3.0"
2020-05-15,"SU",24549,"B.9.","B.5","9.5"
2020-05-15,"KL",24424,"G.2","G.5","2.0"
2020-05-15,"KL",24739,"C.9","C.5","9.0"
2020-05-15,"KL",24709,"J.9","J.5","9.0"
2020-05-15,"SU",24551,"E.1.","E.5","1.5"
2020-05-15,"SU",23967,"G.14.","G.5","14.5"
2020-05-15,"KL",24375,"L.17","L.5","17.0"
2020-05-15,"KL",24470,"N.16.","N.5","16.5"
2020-05-15,"SU",24411,"H.5","H.5","5.0"
2020-05-15,"SU",25056,"J.10.","J.5","10.5"
2020-05-15,"SU",24673,"J.2.","J.5","2.5"
2020-05-15,"KL",24703,"O.8","O.5","8.0"
2020-05-15,"SU",24583,"K.1","K.5","1.0"
2020-05-15,"SU",21279,"K.12","K.5","12.0"
2020-05-15,"SU",24655,"K.8","K.5","8.0"
2020-05-15,"KL",24708,"M.15","M.5","15.0"
2020-05-15,"SU",25031,"R.2","R.5","2.0"
2020-05-15,"SU",23921,"S.8","S.5","8.0"
2020-05-15,"SU",24314,"T.4.","T.5","4.5"
2020-05-15,"KL",24256,"C.0.","C.5","0.5"
2020-05-15,"KL",24260,"C.5","C.5","5.0"
2020-05-15,"SU",24494,"H.12","H.5","12.0"
2020-05-15,"KL",24471,"G.9.","G.5","9.5"
2020-05-15,"SU",24664,"T.7.","T.5","7.5"
2020-05-15,"KL",24004,"O.2","O.5","2.0"
2020-05-15,"KL",25091,"L.1","L.5","1.0"
2020-05-15,"KL",24462,"I.16","I.5","16.0"
2020-05-15,"KL",24794,"I.20.","I.5","20.5"
2020-05-15,"KL",24463,"F.21","F.5","21.0"
2020-05-15,"KL",24463,"F.20.","F.5","20.5"
2020-05-15,"KL",25066,"J.6.","J.5","6.5"
2020-05-15,"SU",23877,"E.4.","E.5","4.5"
2020-05-15,"SU",22236,"J.4","J.5","4.0"
2020-05-15,"SU",24813,"C.5","C.5","5.0"
2020-05-15,"SU",24494,"H.9.","H.5","9.5"
2020-05-15,"SU",21279,"L.12","L.5","12.0"
2020-05-15,"KL",23724,"B.10.","B.5","10.5"
2020-05-15,"SU",24858,"E.6","E.5","6.0"
2020-05-15,"SU",24860,"G.5","G.5","5.0"
2020-05-15,"KL",24721,"C.17","C.5","17.0"
2021-05-15,"SU",24583,"K.1","K.5","1.0"
2021-05-15,"SU",22236,"J.4","J.5","4.0"
2021-05-15,"SU",24655,"K.8","K.5","8.0"
2021-05-15,"SU",24664,"T.7.","T.5","7.5"
2021-05-15,"SU",24673,"J.2.","J.5","2.5"
2021-05-15,"SU",24494,"H.12","H.5","12.0"
2021-05-15,"SU",25169,"R.2","R.5","2.0"
2021-05-15,"SU",23938,"B.3","B.5","3.0"
2021-05-15,"KL",24424,"G.2","G.5","2.0"
2021-05-15,"KL",24739,"C.9","C.5","9.0"
2021-05-15,"KL",24256,"C.0.","C.5","0.5"
2021-05-15,"KL",24260,"C.5","C.5","5.0"
2021-05-15,"KL",24709,"J.9","J.5","9.0"
2021-05-15,"KL",25174,"I.16","I.5","16.0"
2021-05-15,"KL",24372,"A.14.","A.5","14.5"
2021-05-15,"KL",24794,"I.20.","I.5","20.5"
2021-05-15,"SU",24411,"H.5","H.5","5.0"
2021-05-15,"SU",24411,"E.4.","E.5","4.5"
2021-05-15,"KL",24703,"O.8","O.5","8.0"
2021-05-15,"KL",24375,"L.17","L.5","17.0"
2021-05-15,"KL",23724,"B.10.","B.5","10.5"
2021-05-15,"SU",23967,"G.14.","G.5","14.5"
2021-05-15,"SU",25029,"B.10.","B.5","10.5"
2021-05-15,"SU",25224,"K.15","K.5","15.0"
2021-05-15,"SU",25235,"F.16","F.5","16.0"
2021-05-15,"KL",24902,"M.12.","M.5","12.5"
2021-05-15,"SU",25029,"B.12.","B.5","12.5"
2022-05-15,"KL",25406,"J.9","J.5","9.0"
2022-05-15,"SU",25169,"R.2","R.5","2.0"
2022-05-15,"SU",25224,"K.15","K.5","15.0"
2022-05-15,"SU",25161,"E.1.","E.5","1.5"
2022-05-15,"SU",23938,"B.3","B.5","3.0"
2022-05-15,"KL",23724,"B.10.","B.5","10.5"
2022-05-15,"KL",25337,"M.15","M.5","15.0"
2022-05-15,"KL",25174,"I.16","I.5","16.0"
2022-05-15,"KL",25290,"O.2.","O.5","2.5"
2022-05-15,"KL",25423,"M.12.","M.5","12.5"
2022-05-15,"KL",25413,"L.17","L.5","17.0"
2022-05-15,"KL",24372,"A.14.","A.5","14.5"
2022-05-15,"SU",25302,"K.1","K.5","1.0"
2022-05-15,"SU",24664,"T.7.","T.5","7.5"
2022-05-15,"KL",24721,"C.17","C.5","17.0"
2022-05-15,"SU",25235,"C.15.","C.5","15.5"
2022-05-15,"SU",25451,"G.14.","G.5","14.5"
2023-05-15,"SU",25994,"E.4.","E.5","4.5"
2023-05-15,"SU",25972,"K.15","K.5","15.0"
2023-05-15,"SU",100032,"T.7.","T.5","7.5"
2023-05-15,"SU",100029,"H.12","H.5","12.0"
2023-05-15,"SU",25462,"K.1","K.5","1.0"
2023-05-15,"KL",25290,"O.2","O.5","2.0"
2023-05-15,"KL",25823,"O.2.","O.5","2.5"
2023-05-15,"KL",25513,"J.9","J.5","9.0"
2023-05-15,"KL",25881,"M.12.","M.5","12.5"
2023-05-15,"KL",25558,"B.10.","B.5","10.5"
2023-05-15,"SU",100010,"B.12.","B.5","12.5"
2023-05-15,"SU",25342,"B.9.","B.5","9.5"
2023-05-15,"SU",25878,"E.1.","E.5","1.5"
2023-05-15,"SU",25940,"B.1","B.5","1.0"
2023-05-15,"SU",26028,"H.9.","H.5","9.5"
2023-05-15,"SU",25966,"J.4","J.5","4.0"
2023-05-15,"SU",25478,"R.2","R.5","2.0"
2023-05-15,"SU",26030,"B.3","B.5","3.0"
2023-05-15,"SU",100009,"B.10.","B.5","10.5"
2023-05-15,"SU",25916,"C.5","C.5","5.0"
2023-05-15,"KL",24002,"J.6.","J.5","6.5"
2023-05-15,"SU",25865,"G.14.","G.5","14.5"
2023-05-15,"KL",100233,"C.19","C.5","19.0"
2023-05-15,"SU",25477,"F.16","F.5","16.0"
2023-05-15,"KL",25751,"C.5","C.5","5.0"
2023-05-15,"KL",100055,"L.17","L.5","17.0"
2023-05-15,"KL",100068,"M.15","M.5","15.0"
2023-05-15,"KL",26022,"D.5.","D.5","5.5"
2023-05-15,"KL",25422,"C.17","C.5","17.0"
2023-05-15,"SU",25386,"H.5","H.5","5.0"
2023-05-15,"SU",100108,"K.8","K.5","8.0"
2023-05-15,"KL",25736,"H.3.","H.5","3.5"
2023-05-15,"KL",100056,"K.15","K.5","15.0"
2023-05-15,"KL",100004,"L.12","L.5","12.0"
2023-05-15,"KL",100231,"M.15","M.5","15.0"
2023-05-15,"KL",100071,"M.8","M.5","8.0"
2023-05-15,"KL",100234,"O.8","O.5","8.0"
2013-05-15,"SU",10655,"P5","P.0","5.0"
2013-05-15,"SU",10918,"C18","C.0","18.0"
2013-05-15,"SU",11434,"B7.","B.0","7.5"
2013-05-15,"SU",11722,"P3","P.0","3.0"
2013-05-15,"SU",11946,"T6","T.0","6.0"
2013-05-15,"SU",11946,"U5.","U.0","5.5"
2013-05-15,"KL",12007,"C13","C.0","13.0"
2013-05-15,"KL",10047,"B15.","B.0","15.5"
2013-05-15,"KL",12705,"E14.","E.0","14.5"
2013-05-15,"KL",12705,"H12","H.0","12.0"
2013-05-15,"KL",12236,"E11","E.0","11.0"
2013-05-15,"KL",11266,"G10.","G.0","10.5"
2013-05-15,"KL",12363,"H15","H.0","15.0"
2013-05-15,"KL",12364,"J11","J.0","11.0"
2013-05-15,"KL",13179,"N8.","N.0","8.5"
2013-05-15,"KL",11945,"N1.","N.0","1.5"
2013-05-15,"KL",12933,"O1","O.0","1.0"
2013-05-15,"KL",13039,"G3.","G.0","3.5"
2013-05-15,"KL",12825,"G5","G.0","5.0"
2013-05-15,"KL",12445,"I5","I.0","5.0"
2013-05-15,"KL",12657,"K6","K.0","6.0"
2013-05-15,"KL",12017,"E1","E.0","1.0"
2013-05-15,"KL",13048,"C2.","C.0","2.5"
2013-05-15,"SU",11952,"K3","K.0","3.0"
2013-05-15,"SU",11952,"L3","L.0","3.0"
2013-05-15,"SU",11953,"O2.","O.0","2.5"
2013-05-15,"SU",11963,"A19","A.0","19.0"
2013-05-15,"SU",12479,"S8","S.0","8.0"
2013-05-15,"KL",10374,"M10","M.0","10.0"
2013-05-15,"KL",12422,"D7","D.0","7.0"
2013-05-15,"KL",12303,"H9","H.0","9.0"
2013-05-15,"KL",12495,"G20.","G.0","20.5"
2013-05-15,"KL",11897,"P1","P.0","1.0"
2013-05-15,"KL",19257,"F8","F.0","8.0"
2013-05-15,"KL",13012,"I2.","I.0","2.5"
2013-05-15,"KL",12305,"H6","H.0","6.0"
2013-05-15,"KL",12703,"I11","I.0","11.0"
2013-05-15,"KL",12199,"A8","A.0","8.0"
2013-05-15,"KL",11841,"C12","C.0","12.0"
2013-05-15,"KL",12423,"C8.","C.0","8.5"
2013-05-15,"KL",13185,"E3.","E.0","3.5"
2013-05-15,"KL",11272,"F17","F.0","17.0"
2013-05-15,"KL",11621,"F18.","F.0","18.5"
2013-05-15,"KL",10531,"F6.","F.0","6.5"
2013-05-15,"KL",13535,"J1","J.0","1.0"
2013-05-15,"KL",10046,"A3.","A.0","3.5"
2013-05-15,"KL",10318,"F3","F.0","3.0"
2013-05-15,"KL",13305,"M7","M.0","7.0"
2013-05-15,"KL",12012,"N6","N.0","6.0"
2013-05-15,"KL",13112,"O6","O.0","6.0"
2013-05-15,"SU",11531,"T3","T.0","3.0"
2013-05-15,"SU",11943,"U1","U.0","1.0"
2013-05-15,"SU",12479,"S7","S.0","7.0"
2013-05-15,"SU",11998,"E11.","E.0","11.5"
2013-05-15,"SU",12003,"D2","D.0","2.0"
2013-05-15,"SU",12024,"B15.","B.0","15.5"
2013-05-15,"SU",12025,"J11","J.0","11.0"
2013-05-15,"SU",12026,"N7.","N.0","7.5"
2013-05-15,"SU",12026,"O8","O.0","8.0"
2013-05-15,"SU",12027,"D15","D.0","15.0"
2013-05-15,"SU",12029,"C12","C.0","12.0"
2013-05-15,"SU",12033,"G8","G.0","8.0"
2013-05-15,"SU",12139,"M4.","M.0","4.5"
2013-05-15,"SU",12140,"R4","R.0","4.0"
2013-05-15,"SU",12191,"I16","I.0","16.0"
2013-05-15,"SU",13438,"F12","F.0","12.0"
2013-05-15,"SU",12432,"O11","O.0","11.0"
2013-05-15,"SU",12434,"Q11","Q.0","11.0"
2013-05-15,"SU",12434,"Q9","Q.0","9.0"
2013-05-15,"SU",12522,"E3.","E.0","3.5"
2013-05-15,"SU",12550,"I14.","I.0","14.5"
2013-05-15,"SU",13000,"S4","S.0","4.0"
2013-05-15,"SU",13096,"G5.","G.0","5.5"
2013-05-15,"SU",13129,"N5.","N.0","5.5"
2013-05-15,"SU",13130,"H4","H.0","4.0"
2013-05-15,"SU",13131,"M2","M.0","2.0"
2013-05-15,"SU",11534,"A3","A.0","3.0"
2013-05-15,"SU",11017,"N9","N.0","9.0"
2013-05-15,"SU",11996,"D9","D.0","9.0"
2013-05-15,"SU",11996,"D7.","D.0","7.5"
2013-05-15,"SU",11996,"D7","D.0","7.0"
2013-05-15,"SU",8775,"Q7","Q.0","7.0"
2013-05-15,"SU",19267,"K6.","K.0","6.5"
2013-05-15,"SU",10043,"L10.","L.0","10.5"
2013-05-15,"SU",19250,"T11","T.0","11.0"
2013-05-15,"SU",13667,"I2.","I.0","2.5"
2013-05-15,"SU",13690,"G3","G.0","3.0"
2013-05-15,"SU",10037,"B6","B.0","6.0"
2013-05-15,"SU",11031,"Q8","Q.0","8.0"
2013-05-15,"KL",13332,"E14.","E.0","14.5"
2013-05-15,"KL",11220,"G1","G.0","1.0"
2013-05-15,"KL",12285,"F1","F.0","1.0"
2013-05-15,"KL",13288,"F1","F.0","1.0"
2013-05-15,"KL",13287,"H1","H.0","1.0"
2013-05-15,"KL",13646,"I11.","I.0","11.5"
2013-05-15,"KL",12235,"M14","M.0","14.0"
2013-05-15,"SU",12164,"A7","A.0","7.0"
2013-05-15,"SU",19601,"R11","R.0","11.0"
2013-05-15,"KL",12006,"L11","L.0","11.0"
2012-05-15,"KL",10042,"H6","H.0","6.0"
2012-05-15,"KL",10047,"B15.","B.0","15.5"
2012-05-15,"KL",10318,"F3","F.0","3.0"
2012-05-15,"KL",10374,"M10","M.0","10.0"
2012-05-15,"KL",10531,"F6.","F.0","6.5"
2012-05-15,"KL",11220,"H1","H.0","1.0"
2012-05-15,"KL",11282,"J1","J.0","1.0"
2012-05-15,"KL",11621,"F18.","F.0","18.5"
2012-05-15,"KL",11841,"C12","C.0","12.0"
2012-05-15,"KL",11897,"P1","P.0","1.0"
2012-05-15,"KL",11945,"O5","O.0","5.0"
2012-05-15,"KL",12006,"L11","L.0","11.0"
2012-05-15,"KL",12007,"C13","C.0","13.0"
2012-05-15,"KL",12012,"N6","N.0","6.0"
2012-05-15,"KL",12017,"E1","E.0","1.0"
2012-05-15,"KL",12019,"A5.","A.0","5.5"
2012-05-15,"KL",12036,"E14.","E.0","14.5"
2012-05-15,"KL",12305,"F8","F.0","8.0"
2012-05-15,"KL",12363,"H15","H.0","15.0"
2012-05-15,"KL",12364,"J11","J.0","11.0"
2012-05-15,"KL",12422,"D7","D.0","7.0"
2012-05-15,"KL",12423,"C8.","C.0","8.5"
2012-05-15,"KL",12445,"I5","I.0","5.0"
2012-05-15,"KL",12495,"G20.","G.0","20.5"
2012-05-15,"KL",12625,"N9","N.0","9.0"
2012-05-15,"KL",12653,"P9","P.0","9.0"
2012-05-15,"KL",12657,"K6","K.0","6.0"
2012-05-15,"KL",12678,"A8","A.0","8.0"
2012-05-15,"KL",12703,"I11","I.0","11.0"
2012-05-15,"KL",12705,"H12","H.0","12.0"
2012-05-15,"KL",12706,"M14","M.0","14.0"
2012-05-15,"KL",12824,"F17","F.0","17.0"
2012-05-15,"KL",12825,"G5","G.0","5.0"
2012-05-15,"KL",12876,"K7.","K.0","7.5"
2012-05-15,"KL",12933,"O1","O.0","1.0"
2012-05-15,"KL",13012,"I2.","I.0","2.5"
2012-05-15,"KL",13019,"E11","E.0","11.0"
2012-05-15,"KL",13039,"G3.","G.0","3.5"
2012-05-15,"KL",13048,"C2.","C.0","2.5"
2012-05-15,"KL",13112,"O6","O.0","6.0"
2012-05-15,"KL",13179,"N8.","N.0","8.5"
2012-05-15,"KL",13184,"J14","J.0","14.0"
2012-05-15,"KL",13185,"E4","E.0","4.0"
2012-05-15,"SU",10037,"B6","B.0","6.0"
2012-05-15,"SU",10043,"L10.","L.0","10.5"
2012-05-15,"SU",10358,"D9","D.0","9.0"
2012-05-15,"SU",10655,"P5","P.0","5.0"
2012-05-15,"SU",10918,"C18","C.0","18.0"
2012-05-15,"SU",11434,"B7.","B.0","7.5"
2012-05-15,"SU",11531,"T3","T.0","3.0"
2012-05-15,"SU",11722,"P3","P.0","3.0"
2012-05-15,"SU",11946,"T6","T.0","6.0"
2012-05-15,"SU",11952,"K3","K.0","3.0"
2012-05-15,"SU",11953,"O2.","O.0","2.5"
2012-05-15,"SU",11963,"A19","A.0","19.0"
2012-05-15,"SU",12479,"S8","S.0","8.0"
2012-05-15,"SU",11996,"D7.","D.0","7.5"
2012-05-15,"SU",11998,"E11.","E.0","11.5"
2012-05-15,"SU",12003,"D2","D.0","2.0"
2012-05-15,"SU",12004,"N9","N.0","9.0"
2012-05-15,"SU",8775,"Q7","Q.0","7.0"
2012-05-15,"SU",12026,"N7.","N.0","7.5"
2012-05-15,"SU",12027,"D15","D.0","15.0"
2012-05-15,"SU",12029,"C12","C.0","12.0"
2012-05-15,"SU",12033,"G8","G.0","8.0"
2012-05-15,"SU",12139,"M4.","M.0","4.5"
2012-05-15,"SU",12140,"R4","R.0","4.0"
2012-05-15,"SU",12432,"O11","O.0","11.0"
2012-05-15,"SU",12434,"Q9","Q.0","9.0"
2012-05-15,"SU",12477,"Q11","Q.0","11.0"
2012-05-15,"SU",12522,"E3.","E.0","3.5"
2012-05-15,"SU",12526,"G9.","G.0","9.5"
2012-05-15,"SU",12550,"I14.","I.0","14.5"
2012-05-15,"SU",13000,"S4","S.0","4.0"
2012-05-15,"SU",13093,"J9","J.0","9.0"
2012-05-15,"SU",13096,"G5.","G.0","5.5"
2012-05-15,"SU",13126,"J1","J.0","1.0"
2012-05-15,"SU",13129,"N6","N.0","6.0"
2012-05-15,"SU",13131,"L1.","L.0","1.5"
2012-05-15,"SU",13667,"I2.","I.0","2.5"
2012-05-15,"SU",13690,"G3","G.0","3.0"
2012-05-15,"SU",19267,"K6.","K.0","6.5"
2012-05-15,"SU",19267,"L5.","L.0","5.5"
2014-05-15,"SU",19832,"Q11","Q.0","11.0"
2014-05-15,"SU",19267,"K6.","K.0","6.5"
2014-05-15,"SU",13129,"N5.","N.0","5.5"
2014-05-15,"SU",19601,"M2","M.0","2.0"
2014-05-15,"SU",19875,"Q9","Q.0","9.0"
2014-05-15,"SU",13667,"K3","K.0","3.0"
2014-05-15,"SU",12522,"E3.","E.0","3.5"
2014-05-15,"SU",11963,"A19","A.0","19.0"
2014-05-15,"SU",11953,"O2.","O.0","2.5"
2014-05-15,"SU",12033,"G8","G.0","8.0"
2014-05-15,"SU",11952,"M4.","M.0","4.5"
2014-05-15,"SU",12479,"S8","S.0","8.0"
2014-05-15,"SU",11531,"T3","T.0","3.0"
2014-05-15,"SU",13438,"F12","F.0","12.0"
2014-05-15,"SU",12026,"N7.","N.0","7.5"
2014-05-15,"SU",11722,"P3","P.0","3.0"
2014-05-15,"SU",11434,"B7.","B.0","7.5"
2014-05-15,"SU",12027,"D15","D.0","15.0"
2014-05-15,"SU",13690,"G3","G.0","3.0"
2014-05-15,"SU",12432,"O11","O.0","11.0"
2014-05-15,"SU",13130,"H4","H.0","4.0"
2014-05-15,"SU",11998,"E11.","E.0","11.5"
2014-05-15,"SU",10043,"L10.","L.0","10.5"
2014-05-15,"SU",12003,"D2","D.0","2.0"
2014-05-15,"SU",12191,"I16","I.0","16.0"
2014-05-15,"SU",19840,"B15.","B.0","15.5"
2014-05-15,"SU",19883,"U5.","U.0","5.5"
2014-05-15,"SU",13097,"J9","J.0","9.0"
2014-05-15,"SU",19354,"I14.","I.0","14.5"
2014-05-15,"SU",19740,"D7.","D.0","7.5"
2014-05-15,"SU",12029,"C12","C.0","12.0"
2014-05-15,"SU",13096,"G5.","G.0","5.5"
2014-05-15,"SU",11531,"U1","U.0","1.0"
2014-05-15,"SU",11946,"S4","S.0","4.0"
2014-05-15,"SU",10918,"C18","C.0","18.0"
2014-05-15,"SU",12550,"I14","I.0","14.0"
2014-05-15,"SU",8775,"Q7","Q.0","7.0"
2014-05-15,"SU",19987,"A7","A.0","7.0"
2014-05-15,"SU",19839,"C18","C.0","18.0"
2014-05-15,"SU",20263,"N4","N.0","4.0"
2014-05-15,"SU",10655,"P5","P.0","5.0"
2014-05-15,"SU",19250,"R11","R.0","11.0"
2014-05-15,"SU",19862,"P5","P.0","5.0"
2014-05-15,"SU",13085,"J6","J.0","6.0"
2014-05-15,"KL",19880,"J1","J.0","1.0"
2014-05-15,"KL",11220,"H1","H.0","1.0"
2014-05-15,"KL",13012,"H2","H.0","2.0"
2014-05-15,"KL",12166,"G3.","G.0","3.5"
2014-05-15,"KL",12236,"E11","E.0","11.0"
2014-05-15,"KL",12012,"N6","N.0","6.0"
2014-05-15,"KL",12199,"A8","A.0","8.0"
2014-05-15,"KL",19649,"H6","H.0","6.0"
2014-05-15,"KL",13332,"E14.","E.0","14.5"
2014-05-15,"KL",19583,"N1.","N.0","1.5"
2014-05-15,"KL",13305,"K7.","K.0","7.5"
2014-05-15,"KL",19769,"E3.","E.0","3.5"
2014-05-15,"KL",12703,"I11","I.0","11.0"
2014-05-15,"KL",19884,"K6","K.0","6.0"
2014-05-15,"KL",19815,"C13","C.0","13.0"
2014-05-15,"KL",12705,"G10.","G.0","10.5"
2014-05-15,"KL",13288,"A15.","A.0","15.5"
2014-05-15,"KL",19257,"F8","F.0","8.0"
2014-05-15,"KL",19707,"O10.","O.0","10.5"
2014-05-15,"KL",11897,"P1","P.0","1.0"
2014-05-15,"KL",12364,"J11","J.0","11.0"
2014-05-15,"KL",19706,"M10","M.0","10.0"
2014-05-15,"KL",19882,"H12","H.0","12.0"
2014-05-15,"KL",13179,"N8.","N.0","8.5"
2014-05-15,"KL",20155,"O1","O.0","1.0"
2014-05-15,"KL",19564,"B4.","B.0","4.5"
2014-05-15,"KL",12305,"H6","H.0","6.0"
2014-05-15,"KL",NA,"I5","I.0","5.0"
2014-05-15,"KL",12363,"H15","H.0","15.0"
2014-05-15,"KL",19901,"D7","D.0","7.0"
2014-05-15,"KL",13048,"C2.","C.0","2.5"
2014-05-15,"KL",19721,"F17","F.0","17.0"
2014-05-15,"KL",19909,"H11.","H.0","11.5"
2014-05-15,"KL",11621,"F18.","F.0","18.5"
2014-05-15,"KL",19655,"F6.","F.0","6.5"
2014-05-15,"KL",12825,"G5","G.0","5.0"
2014-05-15,"KL",12006,"L11","L.0","11.0"
2014-05-15,"KL",20198,"F1","F.0","1.0"
2014-05-15,"KL",19565,"A5.","A.0","5.5"
2014-05-15,"KL",19791,"E1","E.0","1.0"
2014-05-15,"KL",19874,"J14","J.0","14.0"
2014-05-15,"KL",13112,"O6","O.0","6.0"
2014-05-15,"SU",19537,"B6","B.0","6.0"
2015-05-15,"SU",12522,"E3.","E.0","3.5"
2015-05-15,"KL",21468,"J14","J.0","14.0"
2015-05-15,"KL",20645,"F6.","F.0","6.5"
2015-05-15,"KL",20688,"I2.","I.0","2.5"
2015-05-15,"KL",20191,"K7.","K.0","7.5"
2015-05-15,"KL",21332,"E15","E.0","15.0"
2015-05-15,"KL",13305,"M7","M.0","7.0"
2015-05-15,"KL",13179,"N8.","N.0","8.5"
2015-05-15,"KL",20193,"L9","L.0","9.0"
2015-05-15,"KL",13112,"O8","O.0","8.0"
2015-05-15,"KL",21823,"F18.","F.0","18.5"
2015-05-15,"KL",21513,"H15","H.0","15.0"
2015-05-15,"KL",20223,"F17","F.0","17.0"
2015-05-15,"KL",20081,"L10","L.0","10.0"
2015-05-15,"KL",20220,"G16","G.0","16.0"
2015-05-15,"KL",21007,"F20","F.0","20.0"
2015-05-15,"SU",20819,"C18","C.0","18.0"
2015-05-15,"KL",21239,"H18.","H.0","18.5"
2015-05-15,"KL",20570,"M10","M.0","10.0"
2015-05-15,"KL",20997,"M9","M.0","9.0"
2015-05-15,"SU",11576,"C4","C.0","4.0"
2015-05-15,"KL",12445,"I5","I.0","5.0"
2015-05-15,"KL",12236,"E11","E.0","11.0"
2015-05-15,"KL",20079,"G3.","G.0","3.5"
2015-05-15,"KL",20295,"I5.","I.0","5.5"
2015-05-15,"SU",19832,"Q11","Q.0","11.0"
2015-05-15,"SU",13129,"N5.","N.0","5.5"
2015-05-15,"KL",20729,"F9.","F.0","9.5"
2015-05-15,"KL",19983,"I11.","I.0","11.5"
2015-05-15,"SU",19601,"M2","M.0","2.0"
2015-05-15,"SU",20943,"K1.","K.0","1.5"
2015-05-15,"SU",21169,"U5.","U.0","5.5"
2015-05-15,"SU",21866,"S1","S.0","1.0"
2015-05-15,"KL",20687,"J2","J.0","2.0"
2015-05-15,"KL",12705,"G10.","G.0","10.5"
2015-05-15,"SU",21853,"R11","R.0","11.0"
2015-05-15,"KL",21331,"G9","G.0","9.0"
2015-05-15,"KL",20080,"H9","H.0","9.0"
2015-05-15,"KL",19984,"I11","I.0","11.0"
2015-05-15,"KL",19766,"A10.","A.0","10.5"
2015-05-15,"KL",20628,"B15.","B.0","15.5"
2015-05-15,"SU",21831,"T6","T.0","6.0"
2015-05-15,"KL",13048,"C2.","C.0","2.5"
2015-05-15,"KL",21389,"D15","D.0","15.0"
2015-05-15,"SU",20202,"S4","S.0","4.0"
2015-05-15,"SU",11531,"T3","T.0","3.0"
2015-05-15,"KL",20198,"H1","H.0","1.0"
2015-05-15,"KL",10342,"F3","F.0","3.0"
2015-05-15,"SU",21273,"S8","S.0","8.0"
2015-05-15,"SU",21864,"U1","U.0","1.0"
2015-05-15,"KL",19880,"J1","J.0","1.0"
2015-05-15,"SU",19862,"R4","R.0","4.0"
2015-05-15,"SU",20812,"O2.","O.0","2.5"
2015-05-15,"KL",19815,"C13","C.0","13.0"
2015-05-15,"KL",21022,"F8","F.0","8.0"
2015-05-15,"SU",20523,"M4.","M.0","4.5"
2015-05-15,"KL",20864,"G5","G.0","5.0"
2015-05-15,"SU",20814,"N4","N.0","4.0"
2015-05-15,"KL",21350,"E7","E.0","7.0"
2015-05-15,"KL",21359,"E13","E.0","13.0"
2015-05-15,"KL",12285,"F1","F.0","1.0"
2015-05-15,"KL",21716,"A3.","A.0","3.5"
2015-05-15,"KL",19769,"B2","B.0","2.0"
2015-05-15,"SU",20694,"P5","P.0","5.0"
2015-05-15,"SU",20777,"G9.","G.0","9.5"
2015-05-15,"SU",20341,"D5.","D.0","5.5"
2015-05-15,"SU",20940,"D10.","D.0","10.5"
2015-05-15,"SU",20941,"E10.","E.0","10.5"
2015-05-15,"SU",11953,"Q1.","Q.0","1.5"
2015-05-15,"KL",20064,"B4.","B.0","4.5"
2015-05-15,"SU",21357,"G3","G.0","3.0"
2015-05-15,"KL",21487,"E1","E.0","1.0"
2015-05-15,"SU",19740,"D7.","D.0","7.5"
2015-05-15,"SU",21488,"F12","F.0","12.0"
2015-05-15,"SU",11963,"A19","A.0","19.0"
2015-05-15,"SU",12026,"N7.","N.0","7.5"
2015-05-15,"SU",12435,"K12","K.0","12.0"
2015-05-15,"SU",10043,"L10.","L.0","10.5"
2015-05-15,"SU",19875,"Q9","Q.0","9.0"
2015-05-15,"KL",20778,"D4","D.0","4.0"
2015-05-15,"SU",20044,"H17.","H.0","17.5"
2015-05-15,"SU",20883,"G8","G.0","8.0"
2015-05-15,"SU",13130,"I4","I.0","4.0"
2015-05-15,"SU",11943,"K6.","K.0","6.5"
2015-05-15,"SU",19537,"B6","B.0","6.0"
2015-05-15,"SU",11434,"B7.","B.0","7.5"
2015-05-15,"SU",13385,"D9","D.0","9.0"
2015-05-15,"SU",21058,"G4","G.0","4.0"
2015-05-15,"SU",21495,"A7","A.0","7.0"
2015-05-15,"SU",21875,"J15","J.0","15.0"
2015-05-15,"KL",13288,"D17.","D.0","17.5"
2015-05-15,"KL",21215,"K17.","K.0","17.5"
2015-05-15,"SU",19987,"A13","A.0","13.0"
2015-05-15,"SU",12027,"D15","D.0","15.0"
2015-05-15,"SU",11998,"E12.","E.0","12.5"
2015-05-15,"SU",20884,"E7","E.0","7.0"
2015-05-15,"SU",20942,"G11","G.0","11.0"
2015-05-15,"KL",12426,"I19.","I.0","19.5"
2015-05-15,"KL",21294,"A15.","A.0","15.5"
2015-05-15,"KL",19901,"D7","D.0","7.0"
2015-05-15,"KL",12364,"J11","J.0","11.0"
2015-05-15,"KL",12513,"J10","J.0","10.0"
2015-05-15,"KL",21216,"L11","L.0","11.0"
2015-05-15,"KL",19713,"H12","H.0","12.0"
2015-05-15,"KL",19981,"H11","H.0","11.0"
2015-05-15,"KL",13466,"A8","A.0","8.0"
2015-05-15,"KL",21685,"I13","I.0","13.0"
2015-05-15,"KL",19583,"N1.","N.0","1.5"
2015-05-15,"KL",12012,"N6","N.0","6.0"
2015-05-15,"KL",12509,"M14","M.0","14.0"
2015-05-15,"KL",20155,"O1","O.0","1.0"
2015-05-15,"KL",20734,"L13.","L.0","13.5"
2015-05-15,"KL",21441,"E9.","E.0","9.5"
2015-05-15,"KL",21477,"J10","J.0","10.0"
2015-05-15,"KL",21476,"J10","J.0","10.0"
2015-05-15,"KL",21582,"K19","K.0","19.0"
2015-05-15,"KL",21581,"K19","K.0","19.0"
2015-05-15,"SU",20945,"J1","J.0","1.0"
2015-05-15,"SU",21921,"T11","T.0","11.0"
2015-05-15,"SU",21159,"I14.","I.0","14.5"
2015-05-15,"SU",12191,"I15","I.0","15.0"
2015-05-15,"SU",12029,"C12","C.0","12.0"
2015-05-15,"SU",13096,"G5.","G.0","5.5"
2015-05-15,"SU",21328,"O8","O.0","8.0"
2015-05-15,"SU",12003,"D2","D.0","2.0"
2015-05-15,"SU",20950,"A19.","A.0","19.5"
2015-05-15,"KL",20297,"H6","H.0","6.0"
2015-05-15,"SU",21407,"B14","B.0","14.0"
2015-05-15,"KL",21822,"G13","G.0","13.0"
2015-05-15,"SU",21865,"S7","S.0","7.0"
2015-05-15,"SU",20952,"B20","B.0","20.0"
2015-05-15,"KL",21223,"I9","I.0","9.0"
2015-05-15,"SU",13438,"E11.","E.0","11.5"
2015-05-15,"KL",12427,"K19","K.0","19.0"
2015-05-15,"SU",20948,"Q3.","Q.0","3.5"
2015-05-15,"SU",NA,"B15.","B.0","15.5"
2015-05-15,"KL",20756,"P1","P.0","1.0"
2015-05-15,"KL",20865,"G4.","G.0","4.5"
2015-05-15,"KL",20686,"K1.","K.0","1.5"
2015-05-15,"KL",20866,"K6","K.0","6.0"
2015-05-15,"KL",21910,"C17","C.0","17.0"
2015-05-15,"KL",20871,"H4.","H.0","4.5"
2015-05-15,"KL",19767,"E9.","E.0","9.5"
2015-05-15,"SU",12973,"A17","A.0","17.0"
2015-05-15,"KL",21006,"G20.","G.0","20.5"
2015-05-15,"KL",20835,"I20","I.0","20.0"
2015-05-15,"KL",20921,"A10","A.0","10.0"
2015-05-15,"KL",21046,"C6","C.0","6.0"
2015-05-15,"KL",20525,"P2.","P.0","2.5"
2015-05-15,"KL",20567,"O6","O.0","6.0"
2015-05-15,"KL",21393,"F1.","F.0","1.5"
2015-05-15,"KL",21545,"F11","F.0","11.0"
2015-05-15,"KL",21396,"C8.","C.0","8.5"
2015-05-15,"KL",21497,"F1","F.0","1.0"
2015-05-15,"KL",21475,"J10","J.0","10.0"
2015-05-15,"SU",20944,"K3","K.0","3.0"
2015-05-15,"SU",21700,"A19","A.0","19.0"
2015-05-15,"SU",21703,"A13","A.0","13.0"
2015-05-15,"SU",21702,"A13","A.0","13.0"
2015-05-15,"SU",21704,"A13","A.0","13.0"
2015-05-15,"SU",21701,"A19","A.0","19.0"
2015-05-15,"SU",21799,"A17","A.0","17.0"
2015-05-15,"SU",21847,"H17.","H.0","17.5"
2015-05-15,"SU",21430,"I4","I.0","4.0"
2015-05-15,"SU",21429,"I4","I.0","4.0"
2015-05-15,"SU",21431,"I4","I.0","4.0"
2015-05-15,"SU",21452,"C4","C.0","4.0"
2015-05-15,"SU",21451,"C4","C.0","4.0"
2015-05-15,"SU",21408,"K12","K.0","12.0"
2015-05-15,"SU",21678,"N7.","N.0","7.5"
2015-05-15,"SU",21458,"R4","R.0","4.0"
2015-05-15,"SU",21499,"P3","P.0","3.0"
2015-05-15,"SU",11979,"Q7","Q.0","7.0"
2015-05-15,"SU",21857,"Q1.","Q.0","1.5"
2015-05-15,"SU",21406,"Q1.","Q.0","1.5"
2015-05-15,"SU",21457,"R4","R.0","4.0"
2015-05-15,"SU",21460,"R4","R.0","4.0"
2015-05-15,"SU",20813,"P3","P.0","3.0"
2015-05-15,"KL",12363,"H11","H.0","11.0"
2015-05-15,"KL",21590,"A10.","A.0","10.5"
2015-05-15,"KL",21506,"D17.","D.0","17.5"
2015-05-15,"KL",21498,"F1","F.0","1.0"
2015-05-15,"KL",21479,"H6","H.0","6.0"
2015-05-15,"KL",21478,"H6","H.0","6.0"
2015-05-15,"KL",21480,"H6","H.0","6.0"
2015-05-15,"KL",21444,"E9.","E.0","9.5"
2015-05-15,"KL",21443,"J10","J.0","10.0"
2015-05-15,"KL",21568,"N6","N.0","6.0"
2015-05-15,"KL",21658,"M7","M.0","7.0"
2015-05-15,"KL",12236,"E11","E.0","11.0"
2016-05-15,"SU",20044,"H17.","H.0","17.5"
2016-05-15,"SU",20945,"J1","J.0","1.0"
2016-05-15,"SU",22062,"K6.","K.0","6.5"
2016-05-15,"SU",12435,"K12","K.0","12.0"
2016-05-15,"SU",20523,"M4.","M.0","4.5"
2016-05-15,"SU",20812,"O2.","O.0","2.5"
2016-05-15,"SU",12026,"O8","O.0","8.0"
2016-05-15,"SU",21031,"O11","O.0","11.0"
2016-05-15,"SU",20813,"P3","P.0","3.0"
2016-05-15,"SU",11979,"Q7","Q.0","7.0"
2016-05-15,"SU",19875,"Q9","Q.0","9.0"
2016-05-15,"SU",19832,"Q11","Q.0","11.0"
2016-05-15,"SU",21866,"S1","S.0","1.0"
2016-05-15,"SU",20202,"S4","S.0","4.0"
2016-05-15,"SU",21273,"S8","S.0","8.0"
2016-05-15,"SU",12973,"A17","A.0","17.0"
2016-05-15,"SU",21985,"B15.","B.0","15.5"
2016-05-15,"SU",11434,"B7.","B.0","7.5"
2016-05-15,"SU",20819,"C18","C.0","18.0"
2016-05-15,"SU",12027,"D15","D.0","15.0"
2016-05-15,"SU",19740,"D7.","D.0","7.5"
2016-05-15,"SU",13438,"E11.","E.0","11.5"
2016-05-15,"SU",21357,"G3","G.0","3.0"
2016-05-15,"SU",20941,"E10.","E.0","10.5"
2016-05-15,"SU",19601,"M2","M.0","2.0"
2016-05-15,"SU",13129,"N5.","N.0","5.5"
2016-05-15,"SU",20694,"P5","P.0","5.0"
2016-05-15,"SU",21853,"R11","R.0","11.0"
2016-05-15,"SU",19862,"R4","R.0","4.0"
2016-05-15,"SU",11531,"T3","T.0","3.0"
2016-05-15,"KL",21487,"E1","E.0","1.0"
2016-05-15,"KL",21359,"E13","E.0","13.0"
2016-05-15,"KL",12445,"I5","I.0","5.0"
2016-05-15,"SU",21984,"U1","U.0","1.0"
2016-05-15,"KL",20866,"K6","K.0","6.0"
2016-05-15,"SU",21169,"U5.","U.0","5.5"
2016-05-15,"SU",20948,"Q3.","Q.0","3.5"
2016-05-15,"SU",20341,"N4","N.0","4.0"
2016-05-15,"SU",10043,"L10.","L.0","10.5"
2016-05-15,"SU",13385,"D9","D.0","9.0"
2016-05-15,"SU",21058,"G4","G.0","4.0"
2016-05-15,"KL",21239,"H18.","H.0","18.5"
2016-05-15,"KL",21223,"J10","J.0","10.0"
2016-05-15,"KL",19981,"H11","H.0","11.0"
2016-05-15,"KL",13305,"M7","M.0","7.0"
2016-05-15,"KL",20079,"G3.","G.0","3.5"
2016-05-15,"KL",20778,"D4","D.0","4.0"
2016-05-15,"KL",20756,"P1","P.0","1.0"
2016-05-15,"KL",20864,"G5","G.0","5.0"
2016-05-15,"KL",20628,"B15.","B.0","15.5"
2016-05-15,"KL",21910,"C17","C.0","17.0"
2016-05-15,"KL",21578,"C2.","C.0","2.5"
2016-05-15,"KL",20295,"I5.","I.0","5.5"
2016-05-15,"KL",19880,"J1","J.0","1.0"
2016-05-15,"KL",21468,"J14","J.0","14.0"
2016-05-15,"KL",19983,"I11.","I.0","11.5"
2016-05-15,"KL",19984,"I11","I.0","11.0"
2016-05-15,"KL",20223,"F17","F.0","17.0"
2016-05-15,"SU",21495,"A7","A.0","7.0"
2016-05-15,"SU",11963,"A19","A.0","19.0"
2016-05-15,"SU",20950,"A19.","A.0","19.5"
2016-05-15,"SU",19537,"B6","B.0","6.0"
2016-05-15,"SU",20447,"A13","A.0","13.0"
2016-05-15,"SU",20952,"B20","B.0","20.0"
2016-05-15,"SU",11576,"C4","C.0","4.0"
2016-05-15,"KL",20734,"L13.","L.0","13.5"
2016-05-15,"SU",12003,"D2","D.0","2.0"
2016-05-15,"SU",20940,"D10.","D.0","10.5"
2016-05-15,"SU",12522,"E3.","E.0","3.5"
2016-05-15,"SU",11998,"E12.","E.0","12.5"
2016-05-15,"SU",21488,"F12","F.0","12.0"
2016-05-15,"SU",21488,"F11.","F.0","11.5"
2016-05-15,"SU",13096,"G5.","G.0","5.5"
2016-05-15,"KL",12426,"I19.","I.0","19.5"
2016-05-15,"SU",20883,"G8","G.0","8.0"
2016-05-15,"SU",20942,"G9.","G.0","9.5"
2016-05-15,"KL",20835,"I20","I.0","20.0"
2016-05-15,"SU",22081,"I4","I.0","4.0"
2016-05-15,"SU",20944,"K3","K.0","3.0"
2016-05-15,"KL",12427,"K19","K.0","19.0"
2016-05-15,"KL",21006,"G20.","G.0","20.5"
2016-05-15,"KL",20729,"E9.","E.0","9.5"
2016-05-15,"SU",11976,"B1.","B.0","1.5"
2016-05-15,"SU",21488,"G11","G.0","11.0"
2016-05-15,"KL",20921,"A10","A.0","10.0"
2016-05-15,"KL",21716,"A3.","A.0","3.5"
2016-05-15,"KL",13466,"A8","A.0","8.0"
2016-05-15,"KL",21257,"B11.","B.0","11.5"
2016-05-15,"KL",19769,"B2","B.0","2.0"
2016-05-15,"KL",19815,"C13","C.0","13.0"
2016-05-15,"KL",21396,"C8.","C.0","8.5"
2016-05-15,"KL",21389,"D15","D.0","15.0"
2016-05-15,"KL",13288,"D17.","D.0","17.5"
2016-05-15,"KL",21355,"D7","D.0","7.0"
2016-05-15,"KL",20064,"B4.","B.0","4.5"
2016-05-15,"KL",20297,"H6","H.0","6.0"
2016-05-15,"KL",21215,"K17.","K.0","17.5"
2016-05-15,"KL",20191,"K7.","K.0","7.5"
2016-05-15,"KL",12705,"G10.","G.0","10.5"
2016-05-15,"KL",21331,"G9","G.0","9.0"
2016-05-15,"KL",22447,"P9","P.0","9.0"
2016-05-15,"KL",20804,"O8","O.0","8.0"
2016-05-15,"KL",13179,"N8.","N.0","8.5"
2016-05-15,"KL",20686,"J2","J.0","2.0"
2016-05-15,"KL",21685,"I13","I.0","13.0"
2016-05-15,"KL",21022,"F8","F.0","8.0"
2016-05-15,"KL",21350,"F6.","F.0","6.5"
2016-05-15,"KL",20995,"J11","J.0","11.0"
2016-05-15,"KL",12236,"E11","E.0","11.0"
2016-05-15,"KL",21823,"F18.","F.0","18.5"
2016-05-15,"KL",20198,"H1","H.0","1.0"
2016-05-15,"KL",20865,"G4.","G.0","4.5"
2016-05-15,"KL",21513,"H15","H.0","15.0"
2016-05-15,"KL",20688,"I2.","I.0","2.5"
2016-05-15,"KL",21294,"A15.","A.0","15.5"
2016-05-15,"KL",21046,"C6.","C.0","6.5"
2016-05-15,"KL",21332,"E15","E.0","15.0"
2016-05-15,"KL",21007,"F20","F.0","20.0"
2016-05-15,"KL",20220,"G16","G.0","16.0"
2016-05-15,"KL",20686,"K1.","K.0","1.5"
2016-05-15,"KL",20193,"L9","L.0","9.0"
2016-05-15,"KL",20997,"M9","M.0","9.0"
2016-05-15,"KL",19583,"N1.","N.0","1.5"
2016-05-15,"KL",20756,"P1","P.0","1.0"
2016-05-15,"KL",22049,"O6","O.0","6.0"
2016-05-15,"KL",20570,"M10","M.0","10.0"
2016-05-15,"KL",21577,"A5.","A.0","5.5"
2016-05-15,"KL",20081,"L10","L.0","10.0"
2016-05-15,"KL",22068,"H9","H.0","9.0"
2016-05-15,"KL",19882,"H12","H.0","12.0"
2016-05-15,"KL",20155,"O1","O.0","1.0"
2017-05-15,"KL",20191,"K7.","K.0","7.5"
2017-05-15,"SU",20341,"P3","P.0","3.0"
2017-05-15,"SU",19601,"M2","M.0","2.0"
2017-05-15,"SU",22425,"T6","T.0","6.0"
2017-05-15,"SU",21921,"T11","T.0","11.0"
2017-05-15,"SU",20341,"Q3.","Q.0","3.5"
2017-05-15,"KL",20198,"K6","K.0","6.0"
2017-05-15,"KL",19882,"H12","H.0","12.0"
2017-05-15,"KL",20220,"G16","G.0","16.0"
2017-05-15,"KL",20865,"G4.","G.0","4.5"
2017-05-15,"KL",20079,"G3.","G.0","3.5"
2017-05-15,"KL",20688,"I2.","I.0","2.5"
2017-05-15,"SU",22449,"A17","A.0","17.0"
2017-05-15,"SU",21058,"G4","G.0","4.0"
2017-05-15,"SU",21169,"U5.","U.0","5.5"
2017-05-15,"SU",21908,"T3","T.0","3.0"
2017-05-15,"SU",21984,"U1","U.0","1.0"
2017-05-15,"KL",20297,"H6","H.0","6.0"
2017-05-15,"KL",21350,"F6.","F.0","6.5"
2017-05-15,"KL",21513,"H15","H.0","15.0"
2017-05-15,"KL",20570,"M10","M.0","10.0"
2017-05-15,"KL",20064,"B4.","B.0","4.5"
2017-05-15,"KL",20686,"K1.","K.0","1.5"
2017-05-15,"SU",20948,"P5","P.0","5.0"
2017-05-15,"KL",12427,"K19","K.0","19.0"
2017-05-15,"KL",20995,"J11","J.0","11.0"
2017-05-15,"KL",22296,"E13","E.0","13.0"
2017-05-15,"SU",20940,"D10","D.0","10.0"
2017-05-15,"SU",20941,"E10.","E.0","10.5"
2017-05-15,"SU",20942,"G8","G.0","8.0"
2017-05-15,"SU",13438,"E11.","E.0","11.5"
2017-05-15,"SU",21488,"G11","G.0","11.0"
2017-05-15,"SU",12003,"D2","D.0","2.0"
2017-05-15,"SU",22194,"E3.","E.0","3.5"
2017-05-15,"SU",19537,"B6","B.0","6.0"
2017-05-15,"KL",21294,"A15.","A.0","15.5"
2017-05-15,"KL",19815,"C13","C.0","13.0"
2017-05-15,"KL",19981,"H11","H.0","11.0"
2017-05-15,"KL",20804,"N8.","N.0","8.5"
2017-05-15,"KL",21578,"C2.","C.0","2.5"
2017-05-15,"KL",19707,"P9","P.0","9.0"
2017-05-15,"KL",20193,"L9","L.0","9.0"
2017-05-15,"SU",22495,"O8","O.0","8.0"
2017-05-15,"SU",22062,"K6.","K.0","6.5"
2017-05-15,"SU",13129,"N5.","N.0","5.5"
2017-05-15,"SU",11979,"Q7","Q.0","7.0"
2017-05-15,"SU",20944,"K3","K.0","3.0"
2017-05-15,"SU",21908,"T3","T.0","3.0"
2017-05-15,"KL",20921,"B11.","B.0","11.5"
2017-05-15,"KL",21910,"C17","C.0","17.0"
2017-05-15,"KL",21355,"D7","D.0","7.0"
2017-05-15,"KL",21022,"F8","F.0","8.0"
2017-05-15,"KL",20836,"H1","H.0","1.0"
2017-05-15,"KL",19984,"I11","I.0","11.0"
2017-05-15,"KL",20223,"F17","F.0","17.0"
2017-05-15,"SU",21357,"G3","G.0","3.0"
2017-05-15,"KL",13112,"O6","O.0","6.0"
2017-05-15,"SU",20819,"C18","C.0","18.0"
2017-05-15,"SU",20950,"B20","B.0","20.0"
2017-05-15,"KL",20628,"B15.","B.0","15.5"
2017-05-15,"KL",20866,"K6","K.0","6.0"
2017-05-15,"KL",20409,"J14","J.0","14.0"
2017-05-15,"KL",20734,"L13.","L.0","13.5"
2017-05-15,"KL",21332,"E15","E.0","15.0"
2017-05-15,"KL",21823,"F18.","F.0","18.5"
2017-05-15,"KL",20835,"E15","E.0","15.0"
2017-05-15,"KL",21223,"J10","J.0","10.0"
2017-05-15,"KL",21216,"L11","L.0","11.0"
2017-05-15,"KL",20081,"L10","L.0","10.0"
2017-05-15,"KL",19583,"N1.","N.0","1.5"
2017-05-15,"SU",21853,"R11","R.0","11.0"
2017-05-15,"SU",19832,"Q11","Q.0","11.0"
2017-05-15,"SU",21031,"O11","O.0","11.0"
2017-05-15,"SU",21495,"A7","A.0","7.0"
2017-05-15,"SU",20202,"S4","S.0","4.0"
2017-05-15,"SU",21273,"S8","S.0","8.0"
2017-05-15,"SU",19875,"Q9","Q.0","9.0"
2017-05-15,"KL",21331,"H9","H.0","9.0"
2017-05-15,"KL",21006,"G20.","G.0","20.5"
2017-05-15,"KL",20778,"D4","D.0","4.0"
2017-05-15,"KL",19983,"I11.","I.0","11.5"
2017-05-15,"KL",21389,"D15","D.0","15.0"
2017-05-15,"SU",11998,"E12.","E.0","12.5"
2017-05-15,"KL",20729,"E11","E.0","11.0"
2017-05-15,"KL",21239,"H18.","H.0","18.5"
2017-05-15,"KL",21487,"E1","E.0","1.0"
2017-05-15,"SU",20044,"H17.","H.0","17.5"
2017-05-15,"SU",21985,"B15.","B.0","15.5"
2017-05-15,"SU",12027,"D15","D.0","15.0"
2017-05-15,"KL",20904,"A14.","A.0","14.5"
2017-05-15,"KL",21716,"A3.","A.0","3.5"
2017-05-15,"KL",22369,"B2","B.0","2.0"
2017-05-15,"KL",21393,"F1","F.0","1.0"
2017-05-15,"KL",12426,"I19.","I.0","19.5"
2017-05-15,"KL",21393,"F1.","F.0","1.5"
2017-05-15,"KL",19880,"J1","J.0","1.0"
2017-05-15,"KL",20734,"M14","M.0","14.0"
2017-05-15,"SU",11434,"B7.","B.0","7.5"
2017-05-15,"SU",19740,"D7.","D.0","7.5"
2017-05-15,"SU",13385,"D9","D.0","9.0"
2017-05-15,"SU",22358,"R4","R.0","4.0"
2017-05-15,"SU",13132,"L12","L.0","12.0"
2017-05-15,"SU",10043,"L10.","L.0","10.5"
2017-05-15,"SU",12435,"K12","K.0","12.0"
2017-05-15,"SU",20950,"A19.","A.0","19.5"
2017-05-15,"KL",21007,"F20","F.0","20.0"
2017-05-15,"KL",21215,"K17.","K.0","17.5"
2017-05-15,"KL",20864,"G5","G.0","5.0"
2017-05-15,"KL",13466,"A8","A.0","8.0"
2017-05-15,"SU",20523,"M4.","M.0","4.5"
2017-05-15,"SU",22591,"O2.","O.0","2.5"
2017-05-15,"SU",20945,"J1","J.0","1.0"
2017-05-15,"SU",22502,"U5.","U.0","5.5"
2017-05-15,"SU",21325,"D2","D.0","2.0"
2017-05-15,"SU",20341,"P3","P.0","3.0"
2017-05-15,"KL",21332,"E14.","E.0","14.5"
2017-05-15,"KL",20756,"P1","P.0","1.0"
2018-05-15,"KL",21007,"F18.","F.0","18.5"
2018-05-15,"KL",20297,"H6","H.0","6.0"
2018-05-15,"KL",21023,"E9.","E.0","9.5"
2018-05-15,"KL",21223,"L10","L.0","10.0"
2018-05-15,"KL",20729,"E11","E.0","11.0"
2018-05-15,"KL",21513,"H15","H.0","15.0"
2018-05-15,"KL",19882,"H12","H.0","12.0"
2018-05-15,"KL",23023,"B11.","B.0","11.5"
2018-05-15,"KL",21578,"C2.","C.0","2.5"
2018-05-15,"KL",22296,"E13","E.0","13.0"
2018-05-15,"KL",21350,"F6.","F.0","6.5"
2018-05-15,"KL",20079,"G3.","G.0","3.5"
2018-05-15,"KL",20865,"G4.","G.0","4.5"
2018-05-15,"KL",19983,"I11.","I.0","11.5"
2018-05-15,"KL",20686,"J2","J.0","2.0"
2018-05-15,"KL",20191,"K7.","K.0","7.5"
2018-05-15,"KL",20064,"B4.","B.0","4.5"
2018-05-15,"KL",21389,"D15","D.0","15.0"
2018-05-15,"KL",21355,"D7","D.0","7.0"
2018-05-15,"KL",21393,"F1","F.0","1.0"
2018-05-15,"KL",21393,"F1.","F.0","1.5"
2018-05-15,"KL",20866,"K6","K.0","6.0"
2018-05-15,"KL",21216,"L11","L.0","11.0"
2018-05-15,"KL",19981,"H11","H.0","11.0"
2018-05-15,"KL",21239,"H18.","H.0","18.5"
2018-05-15,"KL",21331,"H9","H.0","9.0"
2018-05-15,"KL",20628,"B15.","B.0","15.5"
2018-05-15,"KL",23320,"N8.","N.0","8.5"
2018-05-15,"KL",22640,"E7","E.0","7.0"
2018-05-15,"KL",21022,"F8","F.0","8.0"
2018-05-15,"KL",20220,"G16","G.0","16.0"
2018-05-15,"KL",19984,"I11","I.0","11.0"
2018-05-15,"KL",21215,"K17.","K.0","17.5"
2018-05-15,"KL",22994,"M7","M.0","7.0"
2018-05-15,"KL",22759,"N1.","N.0","1.5"
2018-05-15,"KL",13112,"O6","O.0","6.0"
2018-05-15,"KL",23220,"L6","L.0","6.0"
2018-05-15,"KL",19649,"C8.","C.0","8.5"
2018-05-15,"KL",20688,"H1","H.0","1.0"
2018-05-15,"KL",23326,"C13","C.0","13.0"
2018-05-15,"KL",20778,"E3.","E.0","3.5"
2018-05-15,"KL",23027,"I2.","I.0","2.5"
2018-05-15,"KL",22274,"A8","A.0","8.0"
2018-05-15,"KL",20223,"F17","F.0","17.0"
2018-05-15,"KL",23326,"C12","C.0","12.0"
2018-05-15,"KL",23461,"A15.","A.0","15.5"
2018-05-15,"KL",22278,"F16","F.0","16.0"
2018-05-15,"KL",22369,"B2","B.0","2.0"
2018-05-15,"SU",20948,"P5","P.0","5.0"
2018-05-15,"SU",21273,"S8","S.0","8.0"
2018-05-15,"SU",21984,"U1","U.0","1.0"
2018-05-15,"KL",22758,"L1.","L.0","1.5"
2018-05-15,"KL",19809,"G20.","G.0","20.5"
2018-05-15,"SU",20950,"C18","C.0","18.0"
2018-05-15,"KL",23023,"A10","A.0","10.0"
2018-05-15,"SU",21169,"U5.","U.0","5.5"
2018-05-15,"KL",23023,"A10.","A.0","10.5"
2018-05-15,"SU",22425,"T3","T.0","3.0"
2018-05-15,"KL",21276,"O1","O.0","1.0"
2018-05-15,"SU",22495,"O8","O.0","8.0"
2018-05-15,"SU",22445,"I15","I.0","15.0"
2018-05-15,"SU",21921,"T11","T.0","11.0"
2018-05-15,"KL",21716,"A3.","A.0","3.5"
2018-05-15,"KL",19654,"A5.","A.0","5.5"
2018-05-15,"KL",19880,"J1","J.0","1.0"
2018-05-15,"KL",20409,"J14","J.0","14.0"
2018-05-15,"SU",19740,"D7.","D.0","7.5"
2018-05-15,"KL",20756,"P1","P.0","1.0"
2018-05-15,"KL",20778,"D4","D.0","4.0"
2018-05-15,"SU",22591,"O2.","O.0","2.5"
2018-05-15,"SU",22062,"K6.","K.0","6.5"
2018-05-15,"KL",19706,"M10","M.0","10.0"
2018-05-15,"SU",20341,"Q3.","Q.0","3.5"
2018-05-15,"SU",20341,"P3","P.0","3.0"
2018-05-15,"SU",21031,"O11","O.0","11.0"
2018-05-15,"SU",20202,"S4","S.0","4.0"
2018-05-15,"SU",19537,"B6","B.0","6.0"
2018-05-15,"SU",20942,"G8","G.0","8.0"
2018-05-15,"SU",21985,"B15.","B.0","15.5"
2018-05-15,"SU",19875,"Q9","Q.0","9.0"
2018-05-15,"SU",13129,"N5.","N.0","5.5"
2018-05-15,"SU",22194,"G3","G.0","3.0"
2018-05-15,"SU",19832,"Q11","Q.0","11.0"
2018-05-15,"SU",10043,"L10.","L.0","10.5"
2018-05-15,"SU",21495,"A7","A.0","7.0"
2018-05-15,"KL",20864,"G5","G.0","5.0"
2018-05-15,"SU",23301,"G4","G.0","4.0"
2018-05-15,"KL",22778,"L15.","L.0","15.5"
2018-05-15,"KL",19983,"J11","J.0","11.0"
2018-05-15,"SU",20523,"M4.","M.0","4.5"
2018-05-15,"SU",20945,"J1","J.0","1.0"
2018-05-15,"SU",22358,"Q7","Q.0","7.0"
2018-05-15,"KL",21389,"E15","E.0","15.0"
2018-05-15,"SU",19601,"M2","M.0","2.0"
2018-05-15,"SU",23629,"D15","D.0","15.0"
2018-05-15,"SU",23052,"E3.","E.0","3.5"
2018-05-15,"SU",23052,"E3","E.0","3.0"
2018-05-15,"SU",21868,"B7.","B.0","7.5"
2018-05-15,"SU",22449,"A17","A.0","17.0"
2018-05-15,"SU",23670,"K12","K.0","12.0"
2018-05-15,"SU",21853,"R11","R.0","11.0"
2018-05-15,"SU",20940,"D9","D.0","9.0"
2018-05-15,"SU",13438,"E11.","E.0","11.5"
2018-05-15,"SU",21488,"F12","F.0","12.0"
2018-05-15,"SU",20342,"G5.","G.0","5.5"
2018-05-15,"SU",22975,"E12.","E.0","12.5"
2018-05-15,"SU",22652,"K3","K.0","3.0"
2018-05-15,"SU",23672,"S1","S.0","1.0"
2019-05-15,"SU",22495,"O8","O.0","8.0"
2019-05-15,"SU",19601,"M2","M.0","2.0"
2019-05-15,"SU",19875,"Q9","Q.0","9.0"
2019-05-15,"SU",21031,"O11","O.0","11.0"
2019-05-15,"SU",21985,"B15.","B.0","15.5"
2019-05-15,"KL",22296,"E13","E.0","13.0"
2019-05-15,"SU",20945,"J1","J.0","1.0"
2019-05-15,"SU",23189,"I2.","I.0","2.5"
2019-05-15,"SU",21676,"N7.","N.0","7.5"
2019-05-15,"KL",19706,"M10","M.0","10.0"
2019-05-15,"KL",19880,"J1","J.0","1.0"
2019-05-15,"KL",20686,"J2","J.0","2.0"
2019-05-15,"KL",20688,"H1","H.0","1.0"
2019-05-15,"KL",20864,"G5","G.0","5.0"
2019-05-15,"KL",21046,"B4.","B.0","4.5"
2019-05-15,"KL",21216,"L11","L.0","11.0"
2019-05-15,"KL",21239,"H18.","H.0","18.5"
2019-05-15,"KL",21276,"O1","O.0","1.0"
2019-05-15,"KL",21331,"H9","H.0","9.0"
2019-05-15,"KL",21389,"D15","D.0","15.0"
2019-05-15,"KL",21350,"F6.","F.0","6.5"
2019-05-15,"KL",21513,"H15","H.0","15.0"
2019-05-15,"KL",21578,"C2.","C.0","2.5"
2019-05-15,"KL",21716,"A3.","A.0","3.5"
2019-05-15,"KL",22278,"F16","F.0","16.0"
2019-05-15,"KL",22759,"N1.","N.0","1.5"
2019-05-15,"KL",22994,"L10","L.0","10.0"
2019-05-15,"SU",22449,"A17","A.0","17.0"
2019-05-15,"KL",23320,"N8.","N.0","8.5"
2019-05-15,"KL",23326,"C13","C.0","13.0"
2019-05-15,"KL",23572,"A8","A.0","8.0"
2019-05-15,"SU",13438,"E11.","E.0","11.5"
2019-05-15,"KL",21022,"F8","F.0","8.0"
2019-05-15,"SU",21495,"A7","A.0","7.0"
2019-05-15,"SU",20942,"G8","G.0","8.0"
2019-05-15,"SU",20342,"G5.","G.0","5.5"
2019-05-15,"KL",21393,"F1","F.0","1.0"
2019-05-15,"KL",20223,"F17","F.0","17.0"
2019-05-15,"KL",22640,"E7","E.0","7.0"
2019-05-15,"KL",23565,"E11","E.0","11.0"
2019-05-15,"SU",22358,"Q7","Q.0","7.0"
2019-05-15,"SU",21488,"D10.","D.0","10.5"
2019-05-15,"SU",22982,"G9.","G.0","9.5"
2019-05-15,"KL",20191,"K7.","K.0","7.5"
2019-05-15,"KL",21215,"K17.","K.0","17.5"
2019-05-15,"KL",19984,"I11","I.0","11.0"
2019-05-15,"KL",20295,"H6","H.0","6.0"
2019-05-15,"KL",20295,"I5","I.0","5.0"
2019-05-15,"KL",20806,"M14","M.0","14.0"
2019-05-15,"KL",21007,"F18.","F.0","18.5"
2019-05-15,"KL",19983,"J11","J.0","11.0"
2019-05-15,"KL",23023,"A10.","A.0","10.5"
2019-05-15,"KL",23027,"I2.","I.0","2.5"
2019-05-15,"SU",22194,"G3","G.0","3.0"
2019-05-15,"SU",22591,"P3","P.0","3.0"
2019-05-15,"KL",23860,"C17.","C.0","17.5"
2019-05-15,"KL",23023,"B11.","B.0","11.5"
2019-05-15,"KL",19984,"H11","H.0","11.0"
2019-05-15,"KL",22759,"P1","P.0","1.0"
2019-05-15,"SU",19832,"R11","R.0","11.0"
2019-05-15,"SU",19832,"Q11","Q.0","11.0"
2019-05-15,"KL",23755,"E3.","E.0","3.5"
2019-05-15,"KL",20525,"M9","M.0","9.0"
2019-05-15,"KL",23532,"G3.","G.0","3.5"
2019-05-15,"KL",23319,"H12","H.0","12.0"
2019-05-15,"SU",23804,"C18","C.0","18.0"
2019-05-15,"SU",22652,"M4.","M.0","4.5"
2019-05-15,"KL",21487,"E1","E.0","1.0"
2020-05-15,"SU",21676,"A7","A.0","7.0"
2020-05-15,"KL",24764,"A8","A.0","8.0"
2020-05-15,"SU",24526,"B 1.","B.0","1.5"
2020-05-15,"KL",24770,"D7.","D.0","7.5"
2020-05-15,"SU",24813,"B6","B.0","6.0"
2020-05-15,"SU",23193,"B7.","B.0","7.5"
2020-05-15,"SU",24865,"C12","C.0","12.0"
2020-05-15,"SU",24722,"D9","D.0","9.0"
2020-05-15,"SU",24317,"G3","G.0","3.0"
2020-05-15,"SU",24996,"G8","G.0","8.0"
2020-05-15,"KL",24659,"K1.","K.0","1.5"
2020-05-15,"SU",NA,"G 9.","G.0","9.5"
2020-05-15,"KL",24002,"N1.","N.0","1.5"
2020-05-15,"KL",24702,"I5","I.0","5.0"
2020-05-15,"SU",24318,"I4","I.0","4.0"
2020-05-15,"KL",24003,"O1","O.0","1.0"
2020-05-15,"KL",23319,"H15","H.0","15.0"
2020-05-15,"KL",21387,"J1","J.0","1.0"
2020-05-15,"SU",25030,"M2","M.0","2.0"
2020-05-15,"SU",24862,"N7.","N.0","7.5"
2020-05-15,"SU",24804,"N9","N.0","9.0"
2020-05-15,"SU",24532,"P 3","P.0","3.0"
2020-05-15,"SU",24638,"Q7","Q.0","7.0"
2020-05-15,"SU",24861,"Q9","Q.0","9.0"
2020-05-15,"SU",24863,"U1","U.0","1.0"
2020-05-15,"KL",24269,"A10.","A.0","10.5"
2020-05-15,"KL",23023,"B11.","B.0","11.5"
2020-05-15,"KL",22865,"B4.","B.0","4.5"
2020-05-15,"KL",24798,"H1","H.0","1.0"
2020-05-15,"KL",23532,"H6","H.0","6.0"
2020-05-15,"KL",24260,"C2.","C.0","2.5"
2020-05-15,"KL",24409,"G5","G.0","5.0"
2020-05-15,"KL",24268,"E11","E.0","11.0"
2020-05-15,"KL",24409,"F6.","F.0","6.5"
2020-05-15,"KL",24710,"E15","E.0","15.0"
2020-05-15,"KL",24796,"E1","E.0","1.0"
2020-05-15,"KL",24578,"B2","B.0","2.0"
2020-05-15,"KL",24739,"C8.","C.0","8.5"
2020-05-15,"KL",23466,"G10.","G.0","10.5"
2020-05-15,"KL",23466,"H11","H.0","11.0"
2020-05-15,"SU",25053,"I6","I.0","6.0"
2020-05-15,"SU",22652,"M4.","M.0","4.5"
2020-05-15,"SU",24338,"P5","P.0","5.0"
2020-05-15,"SU",24864,"T3","T.0","3.0"
2020-05-15,"SU",24316,"U5.","U.0","5.5"
2020-05-15,"KL",24661,"H4.","H.0","4.5"
2020-05-15,"KL",24459,"H12","H.0","12.0"
2020-05-15,"KL",24033,"A3.","A.0","3.5"
2020-05-15,"KL",24850,"B13","B.0","13.0"
2020-05-15,"KL",23565,"C13","C.0","13.0"
2020-05-15,"KL",23027,"I2.","I.0","2.5"
2020-05-15,"KL",25099,"I21","I.0","21.0"
2020-05-15,"KL",25098,"F18.","F.0","18.5"
2020-05-15,"KL",24787,"J11","J.0","11.0"
2020-05-15,"KL",24839,"P1","P.0","1.0"
2020-05-15,"KL",24841,"P9","P.0","9.0"
2020-05-15,"KL",25082,"L11","L.0","11.0"
2020-05-15,"KL",24274,"F17","F.0","17.0"
2020-05-15,"KL",24702,"N6","N.0","6.0"
2020-05-15,"SU",24696,"K6.","K.0","6.5"
2020-05-15,"SU",24991,"L10.","L.0","10.5"
2020-05-15,"SU",23765,"Q11","Q.0","11.0"
2020-05-15,"SU",20948,"Q3.","Q.0","3.5"
2020-05-15,"SU",23672,"S1","S.0","1.0"
2020-05-15,"SU",24492,"O11","O.0","11.0"
2020-05-15,"SU",23877,"G5.","G.0","5.5"
2020-05-15,"SU",23765,"R11","R.0","11.0"
2020-05-15,"KL",24591,"M7","M.0","7.0"
2020-05-15,"SU",24859,"E3.","E.0","3.5"
2020-05-15,"SU",24857,"G5.","G.0","5.5"
2021-05-15,"SU",24338,"P5","P.0","5.0"
2021-05-15,"SU",22652,"M4.","M.0","4.5"
2021-05-15,"SU",25158,"O11","O.0","11.0"
2021-05-15,"SU",24804,"N9","N.0","9.0"
2021-05-15,"SU",24696,"K6.","K.0","6.5"
2021-05-15,"SU",24813,"B6","B.0","6.0"
2021-05-15,"SU",21676,"A7","A.0","7.0"
2021-05-15,"SU",24532,"P3","P.0","3.0"
2021-05-15,"SU",25108,"D9","D.0","9.0"
2021-05-15,"SU",24864,"T3","T.0","3.0"
2021-05-15,"SU",24160,"C12","C.0","12.0"
2021-05-15,"SU",24996,"G8","G.0","8.0"
2021-05-15,"KL",23532,"H6","H.0","6.0"
2021-05-15,"KL",23466,"H11","H.0","11.0"
2021-05-15,"KL",24983,"A8","A.0","8.0"
2021-05-15,"KL",24256,"B2","B.0","2.0"
2021-05-15,"KL",23466,"I11.","I.0","11.5"
2021-05-15,"KL",25091,"K1.","K.0","1.5"
2021-05-15,"KL",24770,"D7","D.0","7.0"
2021-05-15,"KL",24003,"O1","O.0","1.0"
2021-05-15,"KL",24702,"I5","I.0","5.0"
2021-05-15,"KL",24591,"N6","N.0","6.0"
2021-05-15,"KL",24002,"N1.","N.0","1.5"
2021-05-15,"KL",25186,"F17","F.0","17.0"
2021-05-15,"KL",23565,"C13","C.0","13.0"
2021-05-15,"KL",24710,"E15","E.0","15.0"
2021-05-15,"KL",24710,"E14.","E.0","14.5"
2021-05-15,"KL",21387,"J1","J.0","1.0"
2021-05-15,"KL",25082,"L11","L.0","11.0"
2021-05-15,"KL",25150,"A10.","A.0","10.5"
2021-05-15,"KL",24839,"P1","P.0","1.0"
2021-05-15,"KL",24787,"J11","J.0","11.0"
2021-05-15,"KL",23027,"I2.","I.0","2.5"
2021-05-15,"KL",25015,"M7","M.0","7.0"
2021-05-15,"KL",25154,"K6","K.0","6.0"
2021-05-15,"KL",24796,"E1","E.0","1.0"
2021-05-15,"KL",24661,"F3","F.0","3.0"
2021-05-15,"KL",24621,"P9","P.0","9.0"
2021-05-15,"KL",25098,"F18.","F.0","18.5"
2021-05-15,"KL",24471,"G9","G.0","9.0"
2021-05-15,"SU",24744,"C18","C.0","18.0"
2021-05-15,"SU",24991,"L10.","L.0","10.5"
2021-05-15,"KL",25099,"I21","I.0","21.0"
2021-05-15,"SU",25207,"Q9","Q.0","9.0"
2021-05-15,"SU",25207,"Q7","Q.0","7.0"
2021-05-15,"SU",24803,"N7.","N.0","7.5"
2021-05-15,"SU",24803,"U5.","U.0","5.5"
2021-05-15,"SU",23193,"B7.","B.0","7.5"
2021-05-15,"SU",24317,"G3","G.0","3.0"
2021-05-15,"SU",25092,"S1","S.0","1.0"
2021-05-15,"SU",25156,"A17","A.0","17.0"
2021-05-15,"SU",25230,"E11.","E.0","11.5"
2021-05-15,"KL",25153,"H15","H.0","15.0"
2021-05-15,"KL",24033,"A3.","A.0","3.5"
2021-05-15,"KL",24459,"H12","H.0","12.0"
2022-05-15,"SU",22652,"M4.","M.0","4.5"
2022-05-15,"KL",25150,"A10.","A.0","10.5"
2022-05-15,"KL",25186,"F17","F.0","17.0"
2022-05-15,"KL",25275,"I2.","I.0","2.5"
2022-05-15,"SU",24813,"B6","B.0","6.0"
2022-05-15,"SU",24411,"G5.","G.0","5.5"
2022-05-15,"KL",24033,"A3.","A.0","3.5"
2022-05-15,"KL",24796,"E1","E.0","1.0"
2022-05-15,"KL",25153,"H15","H.0","15.0"
2022-05-15,"KL",24702,"I5","I.0","5.0"
2022-05-15,"KL",24787,"J11","J.0","11.0"
2022-05-15,"KL",25397,"G9","G.0","9.0"
2022-05-15,"KL",25098,"F18.","F.0","18.5"
2022-05-15,"KL",25422,"P1","P.0","1.0"
2022-05-15,"KL",25430,"I21","I.0","21.0"
2022-05-15,"KL",24002,"N1.","N.0","1.5"
2022-05-15,"KL",24591,"N6","N.0","6.0"
2022-05-15,"KL",25015,"I11.","I.0","11.5"
2022-05-15,"KL",24424,"H1","H.0","1.0"
2022-05-15,"KL",24003,"O1","O.0","1.0"
2022-05-15,"KL",25255,"D7","D.0","7.0"
2022-05-15,"KL",25412,"L11","L.0","11.0"
2022-05-15,"KL",24256,"B2","B.0","2.0"
2022-05-15,"SU",25156,"C18","C.0","18.0"
2022-05-15,"SU",23193,"B7.","B.0","7.5"
2022-05-15,"SU",25230,"E11.","E.0","11.5"
2022-05-15,"SU",24803,"U5.","U.0","5.5"
2022-05-15,"SU",24160,"C12","C.0","12.0"
2022-05-15,"SU",25092,"S1","S.0","1.0"
2022-05-15,"SU",25158,"O11","O.0","11.0"
2022-05-15,"SU",25207,"Q9","Q.0","9.0"
2022-05-15,"KL",25335,"C5, C5., B2","C.0","5, C5., B2.0"
2022-05-15,"KL",24621,"P9","P.0","9.0"
2022-05-15,"KL",25257,"F3","F.0","3.0"
2022-05-15,"SU",25342,"D9","D.0","9.0"
2022-05-15,"SU",23193,"B7.","B.0","7.5"
2022-05-15,"SU",24696,"K6.","K.0","6.5"
2022-05-15,"SU",25320,"Q7","Q.0","7.0"
2022-05-15,"SU",25439,"T1","T.0","1.0"
2022-05-15,"SU",25448,"F12","F.0","12.0"
2022-05-15,"SU",24799,"D9","D.0","9.0"
2022-05-15,"SU",24813,"T3","T.0","3.0"
2023-05-15,"SU",25435,"I2.","I.0","2.5"
2023-05-15,"SU",22652,"M4.","M.0","4.5"
2023-05-15,"SU",25857,"N7.","N.0","7.5"
2023-05-15,"SU",100021,"N9","N.0","9.0"
2023-05-15,"SU",100060,"Q7","Q.0","7.0"
2023-05-15,"SU",25461,"Q9","Q.0","9.0"
2023-05-15,"SU",100111,"S1","S.0","1.0"
2023-05-15,"SU",25965,"S8","S.0","8.0"
2023-05-15,"SU",100022,"R4","R.0","4.0"
2023-05-15,"SU",100019,"T3","T.0","3.0"
2023-05-15,"SU",25549,"U5.","U.0","5.5"
2023-05-15,"SU",25995,"L10.","L.0","10.5"
2023-05-15,"SU",25904,"K6.","K.0","6.5"
2023-05-15,"KL",25914,"C13","C.0","13.0"
2023-05-15,"KL",25970,"L11","L.0","11.0"
2023-05-15,"KL",25862,"N1.","N.0","1.5"
2023-05-15,"KL",25611,"F17","F.0","17.0"
2023-05-15,"KL",25186,"F17","F.0","17.0"
2023-05-15,"KL",25863,"F3","F.0","3.0"
2023-05-15,"KL",25514,"J11","J.0","11.0"
2023-05-15,"KL",25968,"M10","M.0","10.0"
2023-05-15,"KL",24033,"O1","O.0","1.0"
2023-05-15,"KL",25737,"H6","H.0","6.0"
2023-05-15,"KL",25975,"C8.","C.0","8.5"
2023-05-15,"KL",26017,"F6.","F.0","6.5"
2023-05-15,"SU",25993,"A7","A.0","7.0"
2023-05-15,"SU",25485,"B6","B.0","6.0"
2023-05-15,"SU",24796,"B7.","B.0","7.5"
2023-05-15,"SU",100151,"D9","D.0","9.0"
2023-05-15,"SU",26031,"E3.","E.0","3.5"
2023-05-15,"SU",25996,"I14.","I.0","14.5"
2023-05-15,"SU",24696,"P3","P.0","3.0"
2023-05-15,"SU",25476,"O11","O.0","11.0"
2023-05-15,"SU",100245,"Q3.","Q.0","3.5"
2023-05-15,"SU",100078,"N4","N.0","4.0"
2023-05-15,"SU",100023,"Q11","Q.0","11.0"
2023-05-15,"SU",100152,"C18","C.0","18.0"
2023-05-15,"SU",25230,"C12","C.0","12.0"
2023-05-15,"SU",100218,"A17","A.0","17.0"
2023-05-15,"SU",25884,"G5.","G.0","5.5"
2023-05-15,"SU",26027,"G8","G.0","8.0"
2023-05-15,"KL",25604,"I17.","I.0","17.5"
2023-05-15,"KL",25852,"A10.","A.0","10.5"
2023-05-15,"KL",25999,"L9","L.0","9.0"
2023-05-15,"KL",24424,"H1","H.0","1.0"
2023-05-15,"KL",24256,"B2","B.0","2.0"
2023-05-15,"KL",25239,"H12","H.0","12.0"
2023-05-15,"KL",25275,"H4.","H.0","4.5"
2023-05-15,"KL",25174,"I21","I.0","21.0"
2023-05-15,"KL",25794,"C2.","C.0","2.5"
2023-05-15,"SU",25967,"G3","G.0","3.0"
2023-05-15,"SU",26029,"E11.","E.0","11.5"
2023-05-15,"KL",25985,"J14","J.0","14.0"
2023-05-15,"KL",100011,"K6","K.0","6.0"
2023-05-15,"KL",25973,"A8","A.0","8.0"
2023-05-15,"KL",26024,"H9","H.0","9.0"
2023-05-15,"KL",25488,"A3.","A.0","3.5"
2023-05-15,"KL",26018,"E11","E.0","11.0"
2023-05-15,"KL",26023,"I19.","I.0","19.5"
2023-05-15,"KL",100070,"K13","K.0","13.0"
2023-05-15,"KL",25767,"N6","N.0","6.0"
2023-05-15,"KL",25437,"E1","E.0","1.0"
2023-05-15,"KL",25555,"E15","E.0","15.0"
2023-05-15,"KL",100247,"D7","D.0","7.0"
2023-05-15,"SU",100109,"M2.","M.0","2.5"
2023-05-15,"KL",25098,"F18.","F.0","18.5"
2023-05-15,"KL",25487,"H15","H.0","15.0"
2023-05-15,"KL",25984,"J1","J.0","1.0"
2023-05-15,"KL",100185,"M8.","M.0","8.5"
2023-05-15,"KL",25987,"K17.","K.0","17.5"
2023-05-15,"KL",24424,"H1","H.0","1.0"
2013-05-15,"KL",12830,"-2.13","-2.5","13.0"
2013-05-15,"KL",11614,"-8.12","-8.5","12.0"
2013-05-15,"KL",12835,"-8.12.","-8.5","12.5"
2013-05-15,"KL",13412,"-7.12.","-7.5","12.5"
2013-05-15,"KL",13445,"-7.6","-7.5","6.0"
2013-05-15,"KL",12613,"-7.9","-7.5","9.0"
2013-05-15,"KL",12613,"-6.9","-6.5","9.0"
2013-05-15,"KL",12190,"-2.4.","-2.5","4.5"
2013-05-15,"KL",12744,"-4.13","-4.5","13.0"
2013-05-15,"KL",12827,"-0.12","-0.5","12.0"
2013-05-15,"KL",12664,"-1.1.","-1.5","1.5"
2013-05-15,"KL",12629,"-4.10","-4.5","10.0"
2013-05-15,"SU",12028,"-0.5.","-0.5","5.5"
2013-05-15,"SU",12165,"-4.5","-4.5","5.0"
2013-05-15,"SU",12194,"-2.19","-2.5","19.0"
2013-05-15,"SU",13092,"-2.6","-2.5","6.0"
2013-05-15,"KL",13333,"-7.12.","-7.5","12.5"
2013-05-15,"KL",19271,"-1.1.","-1.5","1.5"
2012-05-15,"KL",11614,"-8.11","-8.5","11.0"
2012-05-15,"KL",11619,"-1.8.","-1.5","8.5"
2012-05-15,"KL",11625,"-6.6.","-6.5","6.5"
2012-05-15,"KL",12015,"-6.6.","-6.5","6.5"
2012-05-15,"KL",12190,"-2.4.","-2.5","4.5"
2012-05-15,"KL",12613,"-6.8","-6.5","8.0"
2012-05-15,"KL",12664,"-1.1.","-1.5","1.5"
2012-05-15,"KL",12827,"-0.12","-0.5","12.0"
2012-05-15,"KL",12835,"-8.12","-8.5","12.0"
2012-05-15,"KL",13123,"-5.11.","-5.5","11.5"
2012-05-15,"SU",NA,"-4.18","-4.5","18.0"
2012-05-15,"SU",10946,"-4.5","-4.5","5.0"
2012-05-15,"SU",12028,"-0.5.","-0.5","5.5"
2012-05-15,"SU",12194,"-2.19","-2.5","19.0"
2012-05-15,"SU",13092,"-2.6","-2.5","6.0"
2012-05-15,"SU",13094,"-3.17.","-3.5","17.5"
2014-05-15,"SU",12194,"-2.19","-2.5","19.0"
2014-05-15,"SU",12165,"-4.5","-4.5","5.0"
2014-05-15,"SU",13092,"-2.6","-2.5","6.0"
2014-05-15,"SU",12028,"-0.5.","-0.5","5.5"
2014-05-15,"KL",12190,"-2.4.","-2.5","4.5"
2014-05-15,"KL",13412,"-7.12.","-7.5","12.5"
2014-05-15,"KL",19516,"-7.6","-7.5","6.0"
2014-05-15,"KL",12827,"-0.12","-0.5","12.0"
2014-05-15,"KL",12629,"-4.10","-4.5","10.0"
2014-05-15,"KL",19881,"-2.13","-2.5","13.0"
2014-05-15,"KL",19271,"-1.1.","-1.5","1.5"
2014-05-15,"KL",NA,"-4.13","-4.5","13.0"
2014-05-15,"KL",NA,"-5.5.","-5.5","5.5"
2014-05-15,"KL",19771,"-8.12.","-8.5","12.5"
2014-05-15,"KL",20199,"-4.2.","-4.5","2.5"
2014-05-15,"KL",12613,"-7.9","-7.5","9.0"
2014-05-15,"KL",11614,"-8.12","-8.5","12.0"
2015-05-15,"SU",13092,"-2.6","-2.5","6.0"
2015-05-15,"SU",21043,"-4.5","-4.5","5.0"
2015-05-15,"KL",20920,"-0.12","-0.5","12.0"
2015-05-15,"KL",12827,"-2.11","-2.5","11.0"
2015-05-15,"KL",21137,"-2.4.","-2.5","4.5"
2015-05-15,"KL",20538,"-6.10.","-6.5","10.5"
2015-05-15,"KL",20505,"-6.9","-6.5","9.0"
2015-05-15,"KL",21366,"-2.5","-2.5","5.0"
2015-05-15,"KL",20916,"-4.10","-4.5","10.0"
2015-05-15,"KL",21333,"-3.0","-3.5","0.0"
2015-05-15,"KL",12744,"-4.13","-4.5","13.0"
2015-05-15,"KL",12613,"-7.9","-7.5","9.0"
2015-05-15,"SU",20954,"-2.16.","-2.5","16.5"
2015-05-15,"KL",19719,"-1.1.","-1.5","1.5"
2015-05-15,"KL",19516,"-7.6","-7.5","6.0"
2015-05-15,"SU",21907,"-2.20","-2.5","20.0"
2015-05-15,"SU",12194,"-2.19","-2.5","19.0"
2015-05-15,"SU",20353,"-0.19","-0.5","19.0"
2015-05-15,"SU",13095,"-0.17","-0.5","17.0"
2015-05-15,"SU",20946,"-3.17.","-3.5","17.5"
2015-05-15,"KL",19718,"-7.12.","-7.5","12.5"
2015-05-15,"KL",20868,"-8.12","-8.5","12.0"
2015-05-15,"KL",12210,"-2.8","-2.5","8.0"
2015-05-15,"SU",21117,"-1.15.","-1.5","15.5"
2015-05-15,"SU",20060,"-1.4.","-1.5","4.5"
2015-05-15,"SU",12028,"-0.5.","-0.5","5.5"
2015-05-15,"KL",19561,"-5.6","-5.5","6.0"
2015-05-15,"KL",20917,"-2.10","-2.5","10.0"
2015-05-15,"KL",21342,"-1.8.","-1.5","8.5"
2015-05-15,"SU",20797,"-2.1","-2.5","1.0"
2015-05-15,"KL",21585,"-2.8","-2.5","8.0"
2015-05-15,"SU",21634,"-2.6","-2.5","6.0"
2015-05-15,"SU",21636,"-2.6","-2.5","6.0"
2016-05-15,"SU",13092,"-2.6","-2.5","6.0"
2016-05-15,"SU",13092,"-2.6","-2.5","6.0"
2016-05-15,"KL",12207,"-6.12.","-6.5","12.5"
2016-05-15,"SU",20946,"-3.17.","-3.5","17.5"
2016-05-15,"SU",21043,"-3.4","-3.5","4.0"
2016-05-15,"SU",21043,"-4.5","-4.5","5.0"
2016-05-15,"KL",22465,"-7.6","-7.5","6.0"
2016-05-15,"KL",21333,"-3.0","-3.5","0.0"
2016-05-15,"KL",20867,"-6.10.","-6.5","10.5"
2016-05-15,"SU",21907,"-2.20","-2.5","20.0"
2016-05-15,"SU",12194,"-2.19","-2.5","19.0"
2016-05-15,"KL",19561,"-5.6","-5.5","6.0"
2016-05-15,"SU",20060,"-1.4.","-1.5","4.5"
2016-05-15,"SU",12028,"-0.5.","-0.5","5.5"
2016-05-15,"KL",20920,"-0.12","-0.5","12.0"
2016-05-15,"SU",12972,"-0.19","-0.5","19.0"
2016-05-15,"KL",21342,"-1.8.","-1.5","8.5"
2016-05-15,"KL",12744,"-4.13","-4.5","13.0"
2016-05-15,"KL",21137,"-2.4.","-2.5","4.5"
2016-05-15,"KL",19719,"-1.1.","-1.5","1.5"
2016-05-15,"KL",12613,"-7.9","-7.5","9.0"
2016-05-15,"KL",19718,"-7.12.","-7.5","12.5"
2016-05-15,"KL",19764,"-2.12","-2.5","12.0"
2016-05-15,"KL",21366,"-2.5","-2.5","5.0"
2016-05-15,"KL",12827,"-2.11","-2.5","11.0"
2016-05-15,"KL",19516,"-7.6","-7.5","6.0"
2017-05-15,"KL",21342,"-1.8.","-1.5","8.5"
2017-05-15,"SU",21907,"-2.20.","-2.5","20.5"
2017-05-15,"SU",21043,"-3.4","-3.5","4.0"
2017-05-15,"KL",19561,"-5.6","-5.5","6.0"
2017-05-15,"KL",22465,"-7.6","-7.5","6.0"
2017-05-15,"KL",20920,"-0.12","-0.5","12.0"
2017-05-15,"KL",12613,"-7.9","-7.5","9.0"
2017-05-15,"KL",20867,"-6.10.","-6.5","10.5"
2017-05-15,"KL",22221,"-3.0","-3.5","0.0"
2017-05-15,"SU",20060,"-1.4.","-1.5","4.5"
2017-05-15,"KL",13412,"-7.12.","-7.5","12.5"
2017-05-15,"KL",21137,"-2.4.","-2.5","4.5"
2017-05-15,"SU",12194,"-2.19","-2.5","19.0"
2017-05-15,"SU",22544,"-3.17.","-3.5","17.5"
2017-05-15,"KL",19719,"-3.0","-3.5","0.0"
2018-05-15,"KL",23294,"-5.6","-5.5","6.0"
2018-05-15,"KL",19719,"-3.0","-3.5","0.0"
2018-05-15,"KL",20920,"-0.12","-0.5","12.0"
2018-05-15,"KL",21342,"-1.8.","-1.5","8.5"
2018-05-15,"KL",21075,"-2.4.","-2.5","4.5"
2018-05-15,"KL",12613,"-7.9","-7.5","9.0"
2018-05-15,"KL",20914,"-6.10.","-6.5","10.5"
2018-05-15,"KL",19561,"-5.6","-5.5","6.0"
2018-05-15,"KL",21382,"-2.11","-2.5","11.0"
2018-05-15,"KL",22465,"-7.6","-7.5","6.0"
2018-05-15,"KL",13445,"-7.5","-7.5","5.0"
2018-05-15,"KL",20916,"-4.10","-4.5","10.0"
2018-05-15,"KL",20862,"-0.13.","-0.5","13.5"
2018-05-15,"SU",20060,"-1.4.","-1.5","4.5"
2018-05-15,"SU",12194,"-2.19","-2.5","19.0"
2018-05-15,"KL",20504,"-6.8","-6.5","8.0"
2018-05-15,"KL",12744,"-4.13","-4.5","13.0"
2018-05-15,"KL",19719,"-1.1.","-1.5","1.5"
2018-05-15,"SU",21043,"-3.4","-3.5","4.0"
2018-05-15,"KL",23295,"-7.12.","-7.5","12.5"
2018-05-15,"SU",21907,"-2.20","-2.5","20.0"
2019-05-15,"SU",20060,"-0.5.","-0.5","5.5"
2019-05-15,"SU",22978,"-2.6","-2.5","6.0"
2019-05-15,"SU",20060,"-1.4.","-1.5","4.5"
2019-05-15,"SU",21043,"-3.4","-3.5","4.0"
2019-05-15,"KL",21342,"-1.8.","-1.5","8.5"
2019-05-15,"KL",20916,"-4.10","-4.5","10.0"
2019-05-15,"SU",23796,"-2.19","-2.5","19.0"
2019-05-15,"KL",19561,"-5.6","-5.5","6.0"
2019-05-15,"SU",20353,"-0.19","-0.5","19.0"
2020-05-15,"SU",25034,"-3.4","-3.5","4.0"
2020-05-15,"SU",24553,"-2.6","-2.5","6.0"
2020-05-15,"SU",24866,"-0.5.","-0.5","5.5"
2020-05-15,"KL",23295,"-8.12","-8.5","12.0"
2020-05-15,"KL",23054,"-2.5","-2.5","5.0"
2020-05-15,"KL",21342,"-0.12","-0.5","12.0"
2020-05-15,"KL",24261,"-1.1.","-1.5","1.5"
2020-05-15,"KL",24818,"-4.10","-4.5","10.0"
2020-05-15,"KL",24793,"-7.6","-7.5","6.0"
2020-05-15,"KL",24005,"-7.9","-7.5","9.0"
2020-05-15,"KL",24784,"-7.12.","-7.5","12.5"
2020-05-15,"SU",24866,"-1.4.","-1.5","4.5"
2021-05-15,"KL",24784,"-7.12.","-7.5","12.5"
2021-05-15,"KL",24818,"-4.10","-4.5","10.0"
2021-05-15,"KL",24793,"-7.6","-7.5","6.0"
2021-05-15,"SU",24751,"-2.19","-2.5","19.0"
2022-05-15,"SU",24792,"-2.19","-2.5","19.0"
2022-05-15,"KL",25437,"-7.5, -7.6","-7.5","5, -7.6.0"
2022-05-15,"KL",25454,"-8.12","-8.5","12.0"
2023-05-15,"SU",100169,"-2.6","-2.5","6.0"
2023-05-15,"SU",100031,"-0.5.","-0.5","5.5"
2023-05-15,"KL",25854,"-4.13","-4.5","13.0"
2023-05-15,"KL",25245,"-1.8.","-1.5","8.5"
2023-05-15,"KL",25992,"-6.9","-6.5","9.0"
2023-05-15,"KL",25974,"-7.12.","-7.5","12.5"
2023-05-15,"KL",25583,"-8.12","-8.5","12.0"
2023-05-15,"KL",25591,"-4.10","-4.5","10.0"
2023-05-15,"KL",25913,"-0.12","-0.5","12.0"
2023-05-15,"KL",25983,"-7.9","-7.5","9.0"
2023-05-15,"KL",25835,"-2.5","-2.5","5.0"
2023-05-15,"KL",25982,"-7.6","-7.5","6.0"
2023-05-15,"KL",25752,"-2.11","-2.5","11.0"
2013-05-15,"KL",12209,"-711","-7.0","11.0"
2013-05-15,"KL",12564,"-512","-5.0","12.0"
2013-05-15,"KL",12565,"-310","-3.0","10.0"
2013-05-15,"KL",12018,"-27","-2.0","7.0"
2013-05-15,"KL",12626,"-812","-8.0","12.0"
2013-05-15,"KL",12137,"-66","-6.0","6.0"
2013-05-15,"KL",13366,"-53","-5.0","3.0"
2013-05-15,"KL",12207,"-612","-6.0","12.0"
2013-05-15,"KL",13123,"-611","-6.0","11.0"
2013-05-15,"KL",12014,"-114.","-1.0","14.5"
2013-05-15,"KL",12014,"-215","-2.0","15.0"
2013-05-15,"KL",11619,"-38","-3.0","8.0"
2013-05-15,"KL",12628,"-610","-6.0","10.0"
2013-05-15,"SU",12462,"-13","-1.0","3.0"
2013-05-15,"SU",13095,"-117","-1.0","17.0"
2013-05-15,"SU",13132,"-315.","-3.0","15.5"
2013-05-15,"KL",13466,"-110","-1.0","10.0"
2013-05-15,"KL",12210,"-49","-4.0","9.0"
2013-05-15,"KL",19430,"-63","-6.0","3.0"
2013-05-15,"KL",19550,"-63","-6.0","3.0"
2013-05-15,"KL",11020,"-512","-5.0","12.0"
2013-05-15,"KL",19748,"-59","-5.0","9.0"
2012-05-15,"KL",10818,"-712","-7.0","12.0"
2012-05-15,"KL",11619,"-38","-3.0","8.0"
2012-05-15,"KL",12014,"-215","-2.0","15.0"
2012-05-15,"KL",12014,"-114.","-1.0","14.5"
2012-05-15,"KL",12018,"-27","-2.0","7.0"
2012-05-15,"KL",12137,"-77","-7.0","7.0"
2012-05-15,"KL",12207,"-612","-6.0","12.0"
2012-05-15,"KL",12209,"-711","-7.0","11.0"
2012-05-15,"KL",12564,"-512","-5.0","12.0"
2012-05-15,"KL",12565,"-310","-3.0","10.0"
2012-05-15,"KL",12611,"-59","-5.0","9.0"
2012-05-15,"KL",12613,"-79","-7.0","9.0"
2012-05-15,"KL",12620,"-63","-6.0","3.0"
2012-05-15,"KL",12623,"-53","-5.0","3.0"
2012-05-15,"KL",12626,"-811","-8.0","11.0"
2012-05-15,"KL",12628,"-611","-6.0","11.0"
2012-05-15,"KL",12629,"-410","-4.0","10.0"
2012-05-15,"KL",12744,"-414","-4.0","14.0"
2012-05-15,"KL",12830,"-312.","-3.0","12.5"
2012-05-15,"SU",12194,"-219","-2.0","19.0"
2012-05-15,"SU",12462,"-13","-1.0","3.0"
2012-05-15,"SU",13095,"-117","-1.0","17.0"
2012-05-15,"SU",13132,"-315.","-3.0","15.5"
2014-05-15,"SU",13132,"-315.","-3.0","15.5"
2014-05-15,"SU",12462,"-13","-1.0","3.0"
2014-05-15,"SU",13095,"-117","-1.0","17.0"
2014-05-15,"SU",13134,"-216","-2.0","16.0"
2014-05-15,"KL",13466,"-110","-1.0","10.0"
2014-05-15,"KL",19865,"-114.","-1.0","14.5"
2014-05-15,"KL",12210,"-38","-3.0","8.0"
2014-05-15,"KL",12018,"-27","-2.0","7.0"
2014-05-15,"KL",19718,"-215","-2.0","15.0"
2014-05-15,"KL",19764,"-212","-2.0","12.0"
2014-05-15,"KL",12626,"-711","-7.0","11.0"
2014-05-15,"KL",12207,"-612","-6.0","12.0"
2014-05-15,"KL",19748,"-59","-5.0","9.0"
2014-05-15,"KL",19599,"-512","-5.0","12.0"
2014-05-15,"KL",13123,"-611","-6.0","11.0"
2014-05-15,"KL",19561,"-66","-6.0","6.0"
2014-05-15,"KL",NA,"-310","-3.0","10.0"
2015-05-15,"SU",20059,"-13","-1.0","3.0"
2015-05-15,"SU",21100,"-315.","-3.0","15.5"
2015-05-15,"KL",12565,"-310","-3.0","10.0"
2015-05-15,"KL",21238,"-110","-1.0","10.0"
2015-05-15,"KL",21382,"-312","-3.0","12.0"
2015-05-15,"KL",20632,"-113","-1.0","13.0"
2015-05-15,"KL",19881,"-114.","-1.0","14.5"
2015-05-15,"KL",19884,"-59","-5.0","9.0"
2015-05-15,"KL",11020,"-513","-5.0","13.0"
2015-05-15,"KL",20573,"-711","-7.0","11.0"
2015-05-15,"KL",21075,"-14","-1.0","4.0"
2015-05-15,"KL",19599,"-512","-5.0","12.0"
2015-05-15,"KL",12207,"-612","-6.0","12.0"
2015-05-15,"KL",20859,"-313","-3.0","13.0"
2015-05-15,"KL",20504,"-66","-6.0","6.0"
2015-05-15,"KL",20858,"-215","-2.0","15.0"
2015-05-15,"KL",20537,"-611","-6.0","11.0"
2015-05-15,"KL",12137,"-36.","-3.0","6.5"
2015-05-15,"KL",21365,"-63","-6.0","3.0"
2015-05-15,"KL",20199,"-53","-5.0","3.0"
2015-05-15,"KL",21367,"-55","-5.0","5.0"
2015-05-15,"KL",21496,"-32","-3.0","2.0"
2015-05-15,"KL",12018,"-27","-2.0","7.0"
2015-05-15,"KL",21247,"-11","-1.0","1.0"
2015-05-15,"SU",21665,"-419","-4.0","19.0"
2015-05-15,"SU",13095,"-117","-1.0","17.0"
2015-05-15,"KL",20530,"-610","-6.0","10.0"
2015-05-15,"KL",19764,"-212","-2.0","12.0"
2015-05-15,"KL",21882,"-515","-5.0","15.0"
2015-05-15,"KL",21878,"-713","-7.0","13.0"
2015-05-15,"KL",21405,"-610","-6.0","10.0"
2015-05-15,"SU",21097,"-27","-2.0","7.0"
2015-05-15,"SU",13134,"-314.","-3.0","14.5"
2015-05-15,"SU",12972,"-219","-2.0","19.0"
2015-05-15,"SU",20423,"-118","-1.0","18.0"
2015-05-15,"SU",21096,"-26","-2.0","6.0"
2015-05-15,"KL",20857,"-214","-2.0","14.0"
2015-05-15,"KL",13412,"-811","-8.0","11.0"
2015-05-15,"KL",21417,"-811","-8.0","11.0"
2015-05-15,"KL",21588,"-811","-8.0","11.0"
2015-05-15,"KL",20923,"-211","-2.0","11.0"
2015-05-15,"KL",21911,"-613","-6.0","13.0"
2015-05-15,"SU",20061,"-32","-3.0","2.0"
2015-05-15,"KL",20534,"-312","-3.0","12.0"
2015-05-15,"KL",20918,"-38","-3.0","8.0"
2015-05-15,"SU",21845,"-219","-2.0","19.0"
2015-05-15,"SU",21631,"-315.","-3.0","15.5"
2015-05-15,"SU",21637,"-13","-1.0","3.0"
2015-05-15,"SU",21632,"-315.","-3.0","15.5"
2015-05-15,"KL",21589,"-811","-8.0","11.0"
2016-05-15,"KL",12018,"-27","-2.0","7.0"
2016-05-15,"SU",21665,"-419","-4.0","19.0"
2016-05-15,"SU",21100,"-315.","-3.0","15.5"
2016-05-15,"SU",21100,"-314.","-3.0","14.5"
2016-05-15,"SU",20423,"-118","-1.0","18.0"
2016-05-15,"SU",13095,"-117","-1.0","17.0"
2016-05-15,"KL",20504,"-66","-6.0","6.0"
2016-05-15,"KL",20199,"-53","-5.0","3.0"
2016-05-15,"KL",22008,"-59","-5.0","9.0"
2016-05-15,"KL",20859,"-313","-3.0","13.0"
2016-05-15,"KL",19599,"-512","-5.0","12.0"
2016-05-15,"KL",22016,"-515.","-5.0","15.5"
2016-05-15,"KL",21247,"-11","-1.0","1.0"
2016-05-15,"KL",21075,"-14","-1.0","4.0"
2016-05-15,"KL",13445,"-75","-7.0","5.0"
2016-05-15,"SU",20061,"-32","-3.0","2.0"
2016-05-15,"KL",13412,"-811","-8.0","11.0"
2016-05-15,"SU",12972,"-219","-2.0","19.0"
2016-05-15,"KL",20537,"-611","-6.0","11.0"
2016-05-15,"KL",11020,"-513","-5.0","13.0"
2016-05-15,"KL",21382,"-312","-3.0","12.0"
2016-05-15,"SU",20060,"-26","-2.0","6.0"
2016-05-15,"SU",21097,"-27","-2.0","7.0"
2016-05-15,"KL",21365,"-63","-6.0","3.0"
2016-05-15,"KL",19550,"-73","-7.0","3.0"
2016-05-15,"KL",21367,"-55","-5.0","5.0"
2016-05-15,"KL",21878,"-713","-7.0","13.0"
2016-05-15,"KL",20914,"-610","-6.0","10.0"
2016-05-15,"KL",12565,"-310","-3.0","10.0"
2016-05-15,"KL",21238,"-110","-1.0","10.0"
2016-05-15,"KL",19881,"-114.","-1.0","14.5"
2016-05-15,"KL",20573,"-711","-7.0","11.0"
2016-05-15,"KL",21382,"-313","-3.0","13.0"
2016-05-15,"KL",20857,"-215","-2.0","15.0"
2016-05-15,"KL",20923,"-211","-2.0","11.0"
2016-05-15,"KL",20632,"-113","-1.0","13.0"
2016-05-15,"SU",20059,"-13","-1.0","3.0"
2017-05-15,"KL",20537,"-611","-6.0","11.0"
2017-05-15,"KL",21366,"-27","-2.0","7.0"
2017-05-15,"KL",20504,"-66","-6.0","6.0"
2017-05-15,"SU",12972,"-219","-2.0","19.0"
2017-05-15,"KL",19764,"-212","-2.0","12.0"
2017-05-15,"SU",22373,"-23","-2.0","3.0"
2017-05-15,"KL",20632,"-113","-1.0","13.0"
2017-05-15,"KL",21382,"-313","-3.0","13.0"
2017-05-15,"KL",22008,"-59","-5.0","9.0"
2017-05-15,"KL",13445,"-75","-7.0","5.0"
2017-05-15,"KL",21367,"-55","-5.0","5.0"
2017-05-15,"KL",19599,"-512","-5.0","12.0"
2017-05-15,"KL",20857,"-215","-2.0","15.0"
2017-05-15,"KL",21247,"-11","-1.0","1.0"
2017-05-15,"KL",20199,"-53","-5.0","3.0"
2017-05-15,"SU",20061,"-32","-3.0","2.0"
2017-05-15,"KL",22016,"-515.","-5.0","15.5"
2017-05-15,"KL",20914,"-610","-6.0","10.0"
2017-05-15,"KL",21377,"-310","-3.0","10.0"
2017-05-15,"KL",12207,"-612","-6.0","12.0"
2017-05-15,"SU",22594,"-27","-2.0","7.0"
2017-05-15,"SU",22373,"-13","-1.0","3.0"
2017-05-15,"KL",12827,"-211","-2.0","11.0"
2017-05-15,"SU",13095,"-117","-1.0","17.0"
2017-05-15,"KL",19881,"-114.","-1.0","14.5"
2017-05-15,"KL",20919,"-110","-1.0","10.0"
2017-05-15,"KL",21075,"-14","-1.0","4.0"
2017-05-15,"KL",21878,"-713","-7.0","13.0"
2017-05-15,"KL",21377,"-310","-3.0","10.0"
2017-05-15,"KL",22001,"-310","-3.0","10.0"
2017-05-15,"SU",22605,"-315.","-3.0","15.5"
2017-05-15,"KL",12744,"-413","-4.0","13.0"
2017-05-15,"KL",21257,"-611.","-6.0","11.5"
2017-05-15,"KL",22761,"-73","-7.0","3.0"
2017-05-15,"KL",20537,"-513","-5.0","13.0"
2018-05-15,"KL",21382,"-211","-2.0","11.0"
2018-05-15,"KL",19764,"-212","-2.0","12.0"
2018-05-15,"KL",22008,"-59","-5.0","9.0"
2018-05-15,"KL",21367,"-55","-5.0","5.0"
2018-05-15,"KL",20199,"-53","-5.0","3.0"
2018-05-15,"KL",21247,"-11","-1.0","1.0"
2018-05-15,"KL",22890,"-215","-2.0","15.0"
2018-05-15,"KL",21377,"-310","-3.0","10.0"
2018-05-15,"KL",20914,"-610","-6.0","10.0"
2018-05-15,"KL",20914,"-711","-7.0","11.0"
2018-05-15,"KL",20919,"-110","-1.0","10.0"
2018-05-15,"KL",20857,"-215","-2.0","15.0"
2018-05-15,"KL",22761,"-73","-7.0","3.0"
2018-05-15,"KL",20504,"-66","-6.0","6.0"
2018-05-15,"KL",21878,"-713","-7.0","13.0"
2018-05-15,"KL",22865,"-14","-1.0","4.0"
2018-05-15,"KL",23054,"-27","-2.0","7.0"
2018-05-15,"KL",23600,"-512","-5.0","12.0"
2018-05-15,"KL",12207,"-612","-6.0","12.0"
2018-05-15,"SU",20061,"-32","-3.0","2.0"
2018-05-15,"KL",20537,"-611","-6.0","11.0"
2018-05-15,"KL",22891,"-114.","-1.0","14.5"
2018-05-15,"KL",22781,"-515.","-5.0","15.5"
2018-05-15,"KL",22016,"-515","-5.0","15.0"
2018-05-15,"KL",19764,"-312","-3.0","12.0"
2018-05-15,"SU",13095,"-117","-1.0","17.0"
2018-05-15,"SU",22373,"-13","-1.0","3.0"
2018-05-15,"KL",20199,"-513","-5.0","13.0"
2018-05-15,"SU",23193,"-315.","-3.0","15.5"
2018-05-15,"SU",22978,"-27","-2.0","7.0"
2019-05-15,"KL",20857,"-215","-2.0","15.0"
2019-05-15,"KL",20919,"-110","-1.0","10.0"
2019-05-15,"KL",22891,"-114.","-1.0","14.5"
2019-05-15,"SU",22373,"-13","-1.0","3.0"
2019-05-15,"KL",22761,"-73","-7.0","3.0"
2019-05-15,"KL",22781,"-515.","-5.0","15.5"
2019-05-15,"KL",23294,"-310","-3.0","10.0"
2019-05-15,"KL",22008,"-59","-5.0","9.0"
2019-05-15,"KL",22865,"-14","-1.0","4.0"
2019-05-15,"KL",20504,"-66","-6.0","6.0"
2019-05-15,"KL",23806,"-612","-6.0","12.0"
2019-05-15,"KL",20537,"-611","-6.0","11.0"
2019-05-15,"KL",20537,"-512","-5.0","12.0"
2019-05-15,"KL",23294,"-211","-2.0","11.0"
2019-05-15,"SU",23193,"-315.","-3.0","15.5"
2019-05-15,"SU",23796,"-219","-2.0","19.0"
2019-05-15,"KL",19764,"-212","-2.0","12.0"
2019-05-15,"KL",23054,"-27","-2.0","7.0"
2019-05-15,"SU",22978,"-27","-2.0","7.0"
2020-05-15,"SU",25001,"-13","-1.0","3.0"
2020-05-15,"KL",24431,"-513","-5.0","13.0"
2020-05-15,"KL",23294,"-110","-1.0","10.0"
2020-05-15,"KL",24754,"-38","-3.0","8.0"
2020-05-15,"KL",24577,"-14","-1.0","4.0"
2020-05-15,"KL",24261,"-11","-1.0","1.0"
2020-05-15,"KL",24506,"-212","-2.0","12.0"
2020-05-15,"KL",24835,"-512","-5.0","12.0"
2020-05-15,"KL",22891,"-27","-2.0","7.0"
2020-05-15,"KL",22358,"-310","-3.0","10.0"
2020-05-15,"KL",24589,"-610","-6.0","10.0"
2020-05-15,"KL",24609,"-53","-5.0","3.0"
2020-05-15,"KL",23919,"-59","-5.0","9.0"
2020-05-15,"KL",20857,"-515.","-5.0","15.5"
2020-05-15,"KL",25061,"-613","-6.0","13.0"
2020-05-15,"SU",24549,"-27","-2.0","7.0"
2020-05-15,"KL",19561,"-66","-6.0","6.0"
2020-05-15,"KL",23920,"-59","-5.0","9.0"
2021-05-15,"KL",24835,"-512","-5.0","12.0"
2021-05-15,"KL",24431,"-513","-5.0","13.0"
2021-05-15,"KL",23294,"-110","-1.0","10.0"
2021-05-15,"KL",23054,"-35.","-3.0","5.5"
2021-05-15,"KL",25179,"-38","-3.0","8.0"
2021-05-15,"KL",25142,"-610","-6.0","10.0"
2021-05-15,"KL",24577,"-14","-1.0","4.0"
2021-05-15,"KL",24818,"-310","-3.0","10.0"
2021-05-15,"KL",24609,"-55","-5.0","5.0"
2021-05-15,"KL",24506,"-114.","-1.0","14.5"
2021-05-15,"KL",25218,"-75","-7.0","5.0"
2021-05-15,"KL",23919,"-59","-5.0","9.0"
2021-05-15,"KL",24971,"-515.","-5.0","15.5"
2022-05-15,"KL",23294,"-110","-1.0","10.0"
2022-05-15,"KL",25142,"-610","-6.0","10.0"
2022-05-15,"KL",25331,"-27","-2.0","7.0"
2022-05-15,"KL",24835,"-211","-2.0","11.0"
2022-05-15,"KL",24818,"-310","-3.0","10.0"
2022-05-15,"KL",24577,"-14","-1.0","4.0"
2022-05-15,"KL",24431,"-513","-5.0","13.0"
2022-05-15,"SU",25119,"-117","-1.0","17.0"
2022-05-15,"KL",24609,"-53","-5.0","3.0"
2022-05-15,"KL",25334,"-11","-1.0","1.0"
2023-05-15,"SU",25119,"-117","-1.0","17.0"
2023-05-15,"KL",100051,"-110","-1.0","10.0"
2023-05-15,"KL",25837,"-38","-3.0","8.0"
2023-05-15,"KL",100103,"-27","-2.0","7.0"
2023-05-15,"KL",24609,"-53","-5.0","3.0"
2023-05-15,"KL",25334,"-14","-1.0","4.0"
2023-05-15,"KL",25917,"-513","-5.0","13.0"
2023-05-15,"KL",25753,"-610","-6.0","10.0"
2023-05-15,"KL",100227,"-110","-1.0","10.0"
2023-05-15,"KL",24835,"-512","-5.0","12.0"
2023-05-15,"KL",100050,"-114.","-1.0","14.5"
2023-05-15,"KL",25704,"-59","-5.0","9.0"
2023-05-15,"KL",25838,"-55","-5.0","5.0"
2023-05-15,"KL",100049,"-310","-3.0","10.0"
2013-05-15,"KL",10046,"0.2.","0.5","2.5"
2013-05-15,"SU",12419,"0.3","0.5","3.0"
2013-05-15,"SU",12973,"0.17.","0.5","17.5"
2013-05-15,"SU",12972,"0.19","0.5","19.0"
2012-05-15,"KL",10046,"0.2.","0.5","2.5"
2012-05-15,"SU",12419,"0.3","0.5","3.0"
2012-05-15,"SU",12973,"0.17.","0.5","17.5"
2014-05-15,"SU",12419,"0.3","0.5","3.0"
2014-05-15,"SU",12972,"0.19","0.5","19.0"
2014-05-15,"SU",12973,"0.17.","0.5","17.5"
2014-05-15,"KL",19689,"0.13.","0.5","13.5"
2014-05-15,"KL",19766,"0.12","0.5","12.0"
2015-05-15,"KL",19649,"0.6.","0.5","6.5"
2015-05-15,"KL",20862,"0.13.","0.5","13.5"
2015-05-15,"KL",20919,"0.10","0.5","10.0"
2015-05-15,"KL",20634,"0.12","0.5","12.0"
2015-05-15,"KL",21377,"0.11","0.5","11.0"
2015-05-15,"SU",20353,"0.19","0.5","19.0"
2016-05-15,"SU",12973,"0.17.","0.5","17.5"
2016-05-15,"KL",20919,"0.10","0.5","10.0"
2016-05-15,"KL",19649,"0.6.","0.5","6.5"
2016-05-15,"KL",20634,"0.12","0.5","12.0"
2016-05-15,"SU",20353,"0.19","0.5","19.0"
2016-05-15,"SU",20825,"0.3","0.5","3.0"
2016-05-15,"KL",20862,"0.13.","0.5","13.5"
2016-05-15,"KL",21377,"0.11","0.5","11.0"
2017-05-15,"SU",20353,"0.19","0.5","19.0"
2017-05-15,"KL",20862,"0.13.","0.5","13.5"
2017-05-15,"SU",20825,"0.3","0.5","3.0"
2017-05-15,"KL",22274,"0.6.","0.5","6.5"
2017-05-15,"SU",12973,"0.17.","0.5","17.5"
2017-05-15,"KL",20634,"0.12","0.5","12.0"
2017-05-15,"KL",19649,"0.6.","0.5","6.5"
2018-05-15,"SU",20825,"0.3","0.5","3.0"
2018-05-15,"SU",20353,"0.19","0.5","19.0"
2019-05-15,"KL",20862,"0.13.","0.5","13.5"
2019-05-15,"SU",22373,"0.3","0.5","3.0"
2019-05-15,"SU",22449,"0.17.","0.5","17.5"
2020-05-15,"SU",22978,"0.3","0.5","3.0"
2020-05-15,"KL",24451,"0.6.","0.5","6.5"
2021-05-15,"SU",22978,"0.3","0.5","3.0"
2021-05-15,"KL",24850,"0.6.","0.5","6.5"
2022-05-15,"SU",24940,"0.3","0.5","3.0"
2023-05-15,"SU",24940,"0.3","0.5","3.0"
2013-05-15,"KL",12576,"05","0.0","5.0"
2013-05-15,"KL",12200,"014","0.0","14.0"
2012-05-15,"KL",11272,"00","0.0","0.0"
2012-05-15,"KL",12199,"00","0.0","0.0"
2012-05-15,"KL",12202,"00","0.0","0.0"
2012-05-15,"KL",12576,"05.","0.0","5.5"
2014-05-15,"KL",12576,"05","0.0","5.0"
2015-05-15,"SU",20825,"03","0.0","3.0"
2015-05-15,"KL",19654,"05","0.0","5.0"
2015-05-15,"SU",13095,"015.","0.0","15.5"
2015-05-15,"SU",20445,"09","0.0","9.0"
2016-05-15,"SU",20445,"09","0.0","9.0"
2016-05-15,"KL",19654,"05","0.0","5.0"
2017-05-15,"SU",19742,"09","0.0","9.0"
2017-05-15,"KL",19654,"05","0.0","5.0"
2018-05-15,"KL",19654,"05","0.0","5.0"
2019-05-15,"KL",19654,"05","0.0","5.0"
2020-05-15,"KL",24797,"05","0.0","5.0"
2021-05-15,"KL",24850,"05.","0.0","5.5"
2021-05-15,"KL",24850,"05","0.0","5.0"
2022-05-15,"KL",24850,"05.","0.0","5.5"
2023-05-15,"KL",26032,"05.","0.0","5.5"
